,HE,IHC
HE,0.0,8.952114552620229
IHC,8.952114552620229,0.0
