,HE,IHC
HE,0.0,0.10790008824005068
IHC,0.10790008824005068,0.0
