,HE,IHC
HE,0.0,0.009617193182806624
IHC,0.009617193182806624,0.0
