,HE,IHC
HE,0.0,0.7211954831597288
IHC,0.7211954831597288,0.0
