,HE,IHC
HE,0.0,11.98716524507079
IHC,11.98716524507079,0.0
