,HE,IHC
HE,0.0,0.09879819550763595
IHC,0.09879819550763595,0.0
