,HE,IHC
HE,0.0,2.181517939079447
IHC,2.181517939079447,0.0
