,HE,IHC
HE,0.0,0.5040969359460702
IHC,0.5040969359460702,0.0
