,HE,IHC
HE,0.0,130.5825261674926
IHC,130.5825261674926,0.0
