,HE,IHC
HE,0.0,0.004892656653975957
IHC,0.004892656653975957,0.0
