,SAR,OPT
SAR,0.0,31.255782285345084
OPT,31.255782285345084,0.0
