,SAR,OPT
SAR,0.0,0.3705577524227187
OPT,0.3705577524227187,0.0
