,SAR,OPT
SAR,0.0,0.4723663599669248
OPT,0.4723663599669248,0.0
