,SAR,OPT
SAR,0.0,0.005608323749706979
OPT,0.005608323749706979,0.0
