,SAR,OPT
SAR,0.0,57.337282148122306
OPT,57.337282148122306,0.0
