,SAR,OPT
SAR,0.0,0.20945745095996812
OPT,0.20945745095996812,0.0
