,SAR,OPT
SAR,0.0,0.00607513688017743
OPT,0.00607513688017743,0.0
