,SAR,OPT
SAR,0.0,0.5859422211519615
OPT,0.5859422211519615,0.0
