,SAR,OPT
SAR,0.0,2589.7179424589494
OPT,2589.7179424589494,0.0
