,SAR,OPT
SAR,0.0,28.241015779255672
OPT,28.241015779255672,0.0
