,SAR,OPT
SAR,0.0,0.1443216281640625
OPT,0.1443216281640625,0.0
