,SAR,OPT
SAR,0.0,11.2566132866482
OPT,11.2566132866482,0.0
