,SAR,OPT
SAR,0.0,0.006232446984499763
OPT,0.006232446984499763,0.0
