,SAR,OPT
SAR,0.0,0.5035119455081523
OPT,0.5035119455081523,0.0
