,SAR,OPT
SAR,0.0,19.557970648810695
OPT,19.557970648810695,0.0
