,SAR,OPT
SAR,0.0,0.10575956610419159
OPT,0.10575956610419159,0.0
