,SAR,OPT
SAR,0.0,0.0062718944196203386
OPT,0.0062718944196203386,0.0
