,SAR,OPT
SAR,0.0,0.6882611112710245
OPT,0.6882611112710245,0.0
