,SAR,OPT
SAR,0.0,5.07878684720087
OPT,5.07878684720087,0.0
