,SAR,OPT
SAR,0.0,331.4348584946729
OPT,331.4348584946729,0.0
