,SAR,OPT
SAR,0.0,30.701972511976297
OPT,30.701972511976297,0.0
