,SAR,OPT
SAR,0.0,0.5225327283476531
OPT,0.5225327283476531,0.0
