,SAR,OPT
SAR,0.0,0.007546079333131455
OPT,0.007546079333131455,0.0
