,SAR,OPT
SAR,0.0,0.45903503758073955
OPT,0.45903503758073955,0.0
