,SAR,OPT
SAR,0.0,0.25175554924604787
OPT,0.25175554924604787,0.0
