,SAR,OPT
SAR,0.0,57.671612370547635
OPT,57.671612370547635,0.0
