,SAR,OPT
SAR,0.0,0.0077227324938665435
OPT,0.0077227324938665435,0.0
