,SAR,OPT
SAR,0.0,35.689522795506235
OPT,35.689522795506235,0.0
