,SAR,OPT
SAR,0.0,2612.5737617341442
OPT,2612.5737617341442,0.0
