,SAR,OPT
SAR,0.0,0.5898216461322291
OPT,0.5898216461322291,0.0
