,SAR,OPT
SAR,0.0,0.14954873724349035
OPT,0.14954873724349035,0.0
