,SAR,OPT
SAR,0.0,11.72577476768578
OPT,11.72577476768578,0.0
