,SAR,OPT
SAR,0.0,0.006200690675740523
OPT,0.006200690675740523,0.0
