,SAR,OPT
SAR,0.0,0.5206078655845702
OPT,0.5206078655845702,0.0
