,SAR,OPT
SAR,0.0,19.829398174318268
OPT,19.829398174318268,0.0
