,SAR,OPT
SAR,0.0,0.11282354593255983
OPT,0.11282354593255983,0.0
