,SAR,OPT
SAR,0.0,0.7036756873012701
OPT,0.7036756873012701,0.0
