,SAR,OPT
SAR,0.0,5.3829032765143685
OPT,5.3829032765143685,0.0
