,SAR,OPT
SAR,0.0,344.14768184721675
OPT,344.14768184721675,0.0
