,SAR,OPT
SAR,0.0,0.006282861181235947
OPT,0.006282861181235947,0.0
