,SAR,OPT
SAR,0.0,10.848051278577367
OPT,10.848051278577367,0.0
