,SAR,OPT
SAR,0.0,0.1440016035921158
OPT,0.1440016035921158,0.0
