,SAR,OPT
SAR,0.0,0.4964751376260265
OPT,0.4964751376260265,0.0
