,SAR,OPT
SAR,0.0,0.005920633611172804
OPT,0.005920633611172804,0.0
