,SAR,OPT
SAR,0.0,0.16508582205427974
OPT,0.16508582205427974,0.0
