,SAR,OPT
SAR,0.0,19.516760198656684
OPT,19.516760198656684,0.0
