,SAR,OPT
SAR,0.0,5.657912786567325
OPT,5.657912786567325,0.0
