,SAR,OPT
SAR,0.0,0.004296104026379159
OPT,0.004296104026379159,0.0
