,SAR,OPT
SAR,0.0,320.5427718065486
OPT,320.5427718065486,0.0
