,SAR,OPT
SAR,0.0,0.47971095637232486
OPT,0.47971095637232486,0.0
