,HE,IHC
HE,0.0,14.1068340580848
IHC,14.1068340580848,0.0
