,HE,IHC
HE,0.0,0.17964409895110106
IHC,0.17964409895110106,0.0
