,HE,IHC
HE,0.0,0.6285688968463162
IHC,0.6285688968463162,0.0
