,HE,IHC
HE,0.0,0.01137419479079291
IHC,0.01137419479079291,0.0
