,HE,IHC
HE,0.0,0.12408969568104507
IHC,0.12408969568104507,0.0
