,HE,IHC
HE,0.0,21.05740490153532
IHC,21.05740490153532,0.0
