,HE,IHC
HE,0.0,0.004078486983701514
IHC,0.004078486983701514,0.0
