,HE,IHC
HE,0.0,4.327489747992253
IHC,4.327489747992253,0.0
