,HE,IHC
HE,0.0,373.59318743918595
IHC,373.59318743918595,0.0
