,HE,IHC
HE,0.0,0.3931379358062527
IHC,0.3931379358062527,0.0
