,SAR,OPT
SAR,0.0,31.575984601721874
OPT,31.575984601721874,0.0
