,SAR,OPT
SAR,0.0,0.45483003372107594
OPT,0.45483003372107594,0.0
