,SAR,OPT
SAR,0.0,0.00668626870251555
OPT,0.00668626870251555,0.0
