,SAR,OPT
SAR,0.0,0.47159275217995905
OPT,0.47159275217995905,0.0
