,SAR,OPT
SAR,0.0,58.006086735427246
OPT,58.006086735427246,0.0
