,SAR,OPT
SAR,0.0,0.23530462626903373
OPT,0.23530462626903373,0.0
