,SAR,OPT
SAR,0.0,2654.3212846069378
OPT,2654.3212846069378,0.0
