,SAR,OPT
SAR,0.0,33.17740774220741
OPT,33.17740774220741,0.0
