,SAR,OPT
SAR,0.0,0.5979775175487291
OPT,0.5979775175487291,0.0
