,SAR,OPT
SAR,0.0,0.007213440663787223
OPT,0.007213440663787223,0.0
