,SAR,OPT
SAR,0.0,0.19955140689714768
OPT,0.19955140689714768,0.0
