,SAR,OPT
SAR,0.0,12.020896122694708
OPT,12.020896122694708,0.0
