,SAR,OPT
SAR,0.0,0.00892365752654801
OPT,0.00892365752654801,0.0
