,SAR,OPT
SAR,0.0,0.5455454281259926
OPT,0.5455454281259926,0.0
