,SAR,OPT
SAR,0.0,19.58973263013941
OPT,19.58973263013941,0.0
