,SAR,OPT
SAR,0.0,0.12662738354582484
OPT,0.12662738354582484,0.0
