,SAR,OPT
SAR,0.0,338.64869049654897
OPT,338.64869049654897,0.0
