,SAR,OPT
SAR,0.0,0.007209374924415568
OPT,0.007209374924415568,0.0
