,SAR,OPT
SAR,0.0,0.6850803989189194
OPT,0.6850803989189194,0.0
