,SAR,OPT
SAR,0.0,5.759495650983284
OPT,5.759495650983284,0.0
