,HE,IHC
HE,0.0,0.11165055040705298
IHC,0.11165055040705298,0.0
