,HE,IHC
HE,0.0,10.028917657465556
IHC,10.028917657465556,0.0
