,HE,IHC
HE,0.0,0.006188849779420063
IHC,0.006188849779420063,0.0
