,HE,IHC
HE,0.0,0.5415874486727291
IHC,0.5415874486727291,0.0
