,HE,IHC
HE,0.0,0.08779385634932502
IHC,0.08779385634932502,0.0
