,HE,IHC
HE,0.0,16.499357044829072
IHC,16.499357044829072,0.0
