,HE,IHC
HE,0.0,236.80318944898698
IHC,236.80318944898698,0.0
