,HE,IHC
HE,0.0,2.82758051874067
IHC,2.82758051874067,0.0
