,HE,IHC
HE,0.0,0.6306111575053531
IHC,0.6306111575053531,0.0
