,HE,IHC
HE,0.0,0.0042790689623064156
IHC,0.0042790689623064156,0.0
