,SAR,OPT
SAR,0.0,31.68721335128005
OPT,31.68721335128005,0.0
