,SAR,OPT
SAR,0.0,0.4661956299845179
OPT,0.4661956299845179,0.0
