,SAR,OPT
SAR,0.0,0.4800738269208646
OPT,0.4800738269208646,0.0
