,SAR,OPT
SAR,0.0,0.006959011654013189
OPT,0.006959011654013189,0.0
