,SAR,OPT
SAR,0.0,0.268742890159913
OPT,0.268742890159913,0.0
