,SAR,OPT
SAR,0.0,57.327206810112436
OPT,57.327206810112436,0.0
