,SAR,OPT
SAR,0.0,0.0076720209628247625
OPT,0.0076720209628247625,0.0
