,SAR,OPT
SAR,0.0,0.5994946822278802
OPT,0.5994946822278802,0.0
