,SAR,OPT
SAR,0.0,35.54042736313723
OPT,35.54042736313723,0.0
