,SAR,OPT
SAR,0.0,2652.6753599172307
OPT,2652.6753599172307,0.0
