,HE,IHC
HE,0.0,8.863387144021484
IHC,8.863387144021484,0.0
