,HE,IHC
HE,0.0,0.11376832529285215
IHC,0.11376832529285215,0.0
