,HE,IHC
HE,0.0,0.7216094062833158
IHC,0.7216094062833158,0.0
