,HE,IHC
HE,0.0,0.010063602072264477
IHC,0.010063602072264477,0.0
