,HE,IHC
HE,0.0,0.09618657925762723
IHC,0.09618657925762723,0.0
