,HE,IHC
HE,0.0,11.872996311729857
IHC,11.872996311729857,0.0
