,HE,IHC
HE,0.0,2.367553908224329
IHC,2.367553908224329,0.0
