,HE,IHC
HE,0.0,0.00557798722823098
IHC,0.00557798722823098,0.0
