,HE,IHC
HE,0.0,128.1371639482193
IHC,128.1371639482193,0.0
