,HE,IHC
HE,0.0,0.5032389296539882
IHC,0.5032389296539882,0.0
