,HE,IHC
HE,0.0,8.926943923185542
IHC,8.926943923185542,0.0
