,HE,IHC
HE,0.0,0.09968522471003269
IHC,0.09968522471003269,0.0
