,HE,IHC
HE,0.0,0.008010304493915493
IHC,0.008010304493915493,0.0
