,HE,IHC
HE,0.0,0.7381560285933624
IHC,0.7381560285933624,0.0
