,HE,IHC
HE,0.0,0.10026029257838502
IHC,0.10026029257838502,0.0
