,HE,IHC
HE,0.0,11.789206188108349
IHC,11.789206188108349,0.0
