,HE,IHC
HE,0.0,0.5069747503008722
IHC,0.5069747503008722,0.0
