,HE,IHC
HE,0.0,2.254427367742817
IHC,2.254427367742817,0.0
