,HE,IHC
HE,0.0,126.93285192186191
IHC,126.93285192186191,0.0
