,HE,IHC
HE,0.0,0.006473117759219402
IHC,0.006473117759219402,0.0
