,HE,IHC
HE,0.0,0.18379823684429264
IHC,0.18379823684429264,0.0
