,HE,IHC
HE,0.0,13.736012208535003
IHC,13.736012208535003,0.0
