,HE,IHC
HE,0.0,0.011690101702824555
IHC,0.011690101702824555,0.0
