,HE,IHC
HE,0.0,0.5959246288147674
IHC,0.5959246288147674,0.0
