,HE,IHC
HE,0.0,0.11904936303082932
IHC,0.11904936303082932,0.0
