,HE,IHC
HE,0.0,21.32557256558014
IHC,21.32557256558014,0.0
