,HE,IHC
HE,0.0,4.329186446534008
IHC,4.329186446534008,0.0
