,HE,IHC
HE,0.0,0.004642052975234349
IHC,0.004642052975234349,0.0
