,HE,IHC
HE,0.0,0.3862957043570724
IHC,0.3862957043570724,0.0
