,HE,IHC
HE,0.0,378.84789655213916
IHC,378.84789655213916,0.0
