,SAR,OPT
SAR,0.0,0.0881258854253913
OPT,0.0881258854253913,0.0
