,SAR,OPT
SAR,0.0,3.798872714266258
OPT,3.798872714266258,0.0
