,SAR,OPT
SAR,0.0,0.4951819879427446
OPT,0.4951819879427446,0.0
