,SAR,OPT
SAR,0.0,0.00916077999338393
OPT,0.00916077999338393,0.0
