,SAR,OPT
SAR,0.0,0.12067188993621406
OPT,0.12067188993621406,0.0
