,SAR,OPT
SAR,0.0,7.316621308619327
OPT,7.316621308619327,0.0
