,SAR,OPT
SAR,0.0,1.8514742193993896
OPT,1.8514742193993896,0.0
