,SAR,OPT
SAR,0.0,0.5496979983292757
OPT,0.5496979983292757,0.0
