,SAR,OPT
SAR,0.0,52.05667783207146
OPT,52.05667783207146,0.0
