,SAR,OPT
SAR,0.0,0.008571934230495192
OPT,0.008571934230495192,0.0
