,SAR,OPT
SAR,0.0,0.15366480294814266
OPT,0.15366480294814266,0.0
