,SAR,OPT
SAR,0.0,10.61950531423562
OPT,10.61950531423562,0.0
