,SAR,OPT
SAR,0.0,0.4920520180965528
OPT,0.4920520180965528,0.0
