,SAR,OPT
SAR,0.0,0.006914484165565839
OPT,0.006914484165565839,0.0
