,SAR,OPT
SAR,0.0,0.14556632033251884
OPT,0.14556632033251884,0.0
