,SAR,OPT
SAR,0.0,19.280117887234905
OPT,19.280117887234905,0.0
