,SAR,OPT
SAR,0.0,0.47777412348257814
OPT,0.47777412348257814,0.0
