,SAR,OPT
SAR,0.0,0.0062024454731701125
OPT,0.0062024454731701125,0.0
