,SAR,OPT
SAR,0.0,5.459683554336471
OPT,5.459683554336471,0.0
