,SAR,OPT
SAR,0.0,311.44841237649354
OPT,311.44841237649354,0.0
