,SAR,OPT
SAR,0.0,0.4461451163741752
OPT,0.4461451163741752,0.0
