,SAR,OPT
SAR,0.0,30.95628830895826
OPT,30.95628830895826,0.0
