,SAR,OPT
SAR,0.0,0.0064909279625940605
OPT,0.0064909279625940605,0.0
