,SAR,OPT
SAR,0.0,0.4626416933566256
OPT,0.4626416933566256,0.0
