,SAR,OPT
SAR,0.0,57.78897337945051
OPT,57.78897337945051,0.0
