,SAR,OPT
SAR,0.0,0.2501346322505951
OPT,0.2501346322505951,0.0
