,SAR,OPT
SAR,0.0,0.5909943838013417
OPT,0.5909943838013417,0.0
