,SAR,OPT
SAR,0.0,2617.356194827173
OPT,2617.356194827173,0.0
