,SAR,OPT
SAR,0.0,36.686345266962455
OPT,36.686345266962455,0.0
