,SAR,OPT
SAR,0.0,0.007742507762036396
OPT,0.007742507762036396,0.0
