,HE,IHC
HE,0.0,0.10446926634161166
IHC,0.10446926634161166,0.0
