,HE,IHC
HE,0.0,9.150154654095918
IHC,9.150154654095918,0.0
