,HE,IHC
HE,0.0,0.7244778617463448
IHC,0.7244778617463448,0.0
