,HE,IHC
HE,0.0,0.009223989903430424
IHC,0.009223989903430424,0.0
