,HE,IHC
HE,0.0,0.09927874146670672
IHC,0.09927874146670672,0.0
