,HE,IHC
HE,0.0,12.226762754320914
IHC,12.226762754320914,0.0
