,HE,IHC
HE,0.0,136.38325778618534
IHC,136.38325778618534,0.0
