,HE,IHC
HE,0.0,2.153733249713311
IHC,2.153733249713311,0.0
