,HE,IHC
HE,0.0,0.00518913024009228
IHC,0.00518913024009228,0.0
