,HE,IHC
HE,0.0,0.5208889886484859
IHC,0.5208889886484859,0.0
