,SAR,OPT
SAR,0.0,0.07402420097826166
OPT,0.07402420097826166,0.0
