,SAR,OPT
SAR,0.0,3.678989998499182
OPT,3.678989998499182,0.0
