,SAR,OPT
SAR,0.0,0.007429177699654124
OPT,0.007429177699654124,0.0
