,SAR,OPT
SAR,0.0,0.49103833484344056
OPT,0.49103833484344056,0.0
