,SAR,OPT
SAR,0.0,7.147768315777525
OPT,7.147768315777525,0.0
