,SAR,OPT
SAR,0.0,0.09546706808212328
OPT,0.09546706808212328,0.0
