,SAR,OPT
SAR,0.0,49.88931520872974
OPT,49.88931520872974,0.0
