,SAR,OPT
SAR,0.0,0.5549526332675806
OPT,0.5549526332675806,0.0
