,SAR,OPT
SAR,0.0,1.5370309950197387
OPT,1.5370309950197387,0.0
