,SAR,OPT
SAR,0.0,0.007802704270050398
OPT,0.007802704270050398,0.0
