,HE,IHC
HE,0.0,13.926610190432905
IHC,13.926610190432905,0.0
