,HE,IHC
HE,0.0,0.15632250469684236
IHC,0.15632250469684236,0.0
