,HE,IHC
HE,0.0,0.6160798215748376
IHC,0.6160798215748376,0.0
