,HE,IHC
HE,0.0,0.010172566341875734
IHC,0.010172566341875734,0.0
