,HE,IHC
HE,0.0,21.065426490794685
IHC,21.065426490794685,0.0
