,HE,IHC
HE,0.0,0.12166078403660222
IHC,0.12166078403660222,0.0
