,HE,IHC
HE,0.0,4.515431906222707
IHC,4.515431906222707,0.0
