,HE,IHC
HE,0.0,0.38762438431859914
IHC,0.38762438431859914,0.0
