,HE,IHC
HE,0.0,371.4063343846836
IHC,371.4063343846836,0.0
