,HE,IHC
HE,0.0,0.003394286914119669
IHC,0.003394286914119669,0.0
