,SAR,OPT
SAR,0.0,3.650610879506496
OPT,3.650610879506496,0.0
