,SAR,OPT
SAR,0.0,0.0743356272454765
OPT,0.0743356272454765,0.0
