,SAR,OPT
SAR,0.0,0.48701664766550734
OPT,0.48701664766550734,0.0
