,SAR,OPT
SAR,0.0,0.00892925508826878
OPT,0.00892925508826878,0.0
