,SAR,OPT
SAR,0.0,0.11332737162179836
OPT,0.11332737162179836,0.0
