,SAR,OPT
SAR,0.0,7.132457828775431
OPT,7.132457828775431,0.0
