,SAR,OPT
SAR,0.0,0.5461425700115086
OPT,0.5461425700115086,0.0
