,SAR,OPT
SAR,0.0,0.007235210396634907
OPT,0.007235210396634907,0.0
