,SAR,OPT
SAR,0.0,1.783734539521033
OPT,1.783734539521033,0.0
