,SAR,OPT
SAR,0.0,49.29840249944722
OPT,49.29840249944722,0.0
