,SAR,OPT
SAR,0.0,10.964480256990521
OPT,10.964480256990521,0.0
