,SAR,OPT
SAR,0.0,0.15108093123319288
OPT,0.15108093123319288,0.0
