,SAR,OPT
SAR,0.0,0.5079043597363868
OPT,0.5079043597363868,0.0
