,SAR,OPT
SAR,0.0,0.006375735700945796
OPT,0.006375735700945796,0.0
