,SAR,OPT
SAR,0.0,19.366505732768598
OPT,19.366505732768598,0.0
