,SAR,OPT
SAR,0.0,0.1599732540647182
OPT,0.1599732540647182,0.0
