,SAR,OPT
SAR,0.0,0.48320839380296854
OPT,0.48320839380296854,0.0
