,SAR,OPT
SAR,0.0,5.921481732160145
OPT,5.921481732160145,0.0
