,SAR,OPT
SAR,0.0,0.004705995163995189
OPT,0.004705995163995189,0.0
