,SAR,OPT
SAR,0.0,318.6386498643916
OPT,318.6386498643916,0.0
