,SAR,OPT
SAR,0.0,10.644769951412423
OPT,10.644769951412423,0.0
