,SAR,OPT
SAR,0.0,0.13820759850119638
OPT,0.13820759850119638,0.0
