,SAR,OPT
SAR,0.0,0.007088452727599822
OPT,0.007088452727599822,0.0
