,SAR,OPT
SAR,0.0,0.5191244073173814
OPT,0.5191244073173814,0.0
