,SAR,OPT
SAR,0.0,18.578908078791823
OPT,18.578908078791823,0.0
