,SAR,OPT
SAR,0.0,0.12333870998630302
OPT,0.12333870998630302,0.0
