,SAR,OPT
SAR,0.0,297.0055893329094
OPT,297.0055893329094,0.0
