,SAR,OPT
SAR,0.0,0.005804293778399929
OPT,0.005804293778399929,0.0
