,SAR,OPT
SAR,0.0,4.826921558337863
OPT,4.826921558337863,0.0
