,SAR,OPT
SAR,0.0,0.4815380507793893
OPT,0.4815380507793893,0.0
