,HE,IHC
HE,0.0,16.258758509618104
IHC,16.258758509618104,0.0
