,HE,IHC
HE,0.0,0.17358680915454258
IHC,0.17358680915454258,0.0
