,HE,IHC
HE,0.0,0.005035610104632523
IHC,0.005035610104632523,0.0
