,HE,IHC
HE,0.0,0.41413336166553805
IHC,0.41413336166553805,0.0
