,HE,IHC
HE,0.0,33.239089778775785
IHC,33.239089778775785,0.0
