,HE,IHC
HE,0.0,0.2666015007065238
IHC,0.2666015007065238,0.0
