,HE,IHC
HE,0.0,699.54783153458
IHC,699.54783153458,0.0
