,HE,IHC
HE,0.0,0.002579099923151331
IHC,0.002579099923151331,0.0
