,HE,IHC
HE,0.0,0.1552761978989005
IHC,0.1552761978989005,0.0
