,HE,IHC
HE,0.0,12.561114242428477
IHC,12.561114242428477,0.0
