,HE,IHC
HE,0.0,9.03155423149734
IHC,9.03155423149734,0.0
