,HE,IHC
HE,0.0,0.11300254050321483
IHC,0.11300254050321483,0.0
