,HE,IHC
HE,0.0,0.009806517455103164
IHC,0.009806517455103164,0.0
