,HE,IHC
HE,0.0,0.7352146489459237
IHC,0.7352146489459237,0.0
