,HE,IHC
HE,0.0,11.959458353404516
IHC,11.959458353404516,0.0
