,HE,IHC
HE,0.0,0.09370389364769366
IHC,0.09370389364769366,0.0
