,HE,IHC
HE,0.0,0.5011781990811495
IHC,0.5011781990811495,0.0
