,HE,IHC
HE,0.0,131.16339524854698
IHC,131.16339524854698,0.0
