,HE,IHC
HE,0.0,0.006685875753829835
IHC,0.006685875753829835,0.0
