,HE,IHC
HE,0.0,2.3166648536954213
IHC,2.3166648536954213,0.0
