,HE,IHC
HE,0.0,14.219411707894846
IHC,14.219411707894846,0.0
