,HE,IHC
HE,0.0,0.16014191871329914
IHC,0.16014191871329914,0.0
