,HE,IHC
HE,0.0,0.010631425239869974
IHC,0.010631425239869974,0.0
