,HE,IHC
HE,0.0,0.6370649777516745
IHC,0.6370649777516745,0.0
