,HE,IHC
HE,0.0,21.059585461578443
IHC,21.059585461578443,0.0
