,HE,IHC
HE,0.0,0.13338170011723913
IHC,0.13338170011723913,0.0
