,HE,IHC
HE,0.0,377.36842928733415
IHC,377.36842928733415,0.0
