,HE,IHC
HE,0.0,4.71679697047809
IHC,4.71679697047809,0.0
