,HE,IHC
HE,0.0,0.0038429896765833096
IHC,0.0038429896765833096,0.0
