,HE,IHC
HE,0.0,0.39602638877206614
IHC,0.39602638877206614,0.0
