,HE,IHC
HE,0.0,8.91456748679411
IHC,8.91456748679411,0.0
