,HE,IHC
HE,0.0,0.11287019539510318
IHC,0.11287019539510318,0.0
