,HE,IHC
HE,0.0,0.7183888940386777
IHC,0.7183888940386777,0.0
