,HE,IHC
HE,0.0,0.010608194646040415
IHC,0.010608194646040415,0.0
