,HE,IHC
HE,0.0,0.09518030559078831
IHC,0.09518030559078831,0.0
