,HE,IHC
HE,0.0,11.973685799674392
IHC,11.973685799674392,0.0
