,HE,IHC
HE,0.0,130.33652339653057
IHC,130.33652339653057,0.0
