,HE,IHC
HE,0.0,2.1658506649973712
IHC,2.1658506649973712,0.0
