,HE,IHC
HE,0.0,0.004770692523180196
IHC,0.004770692523180196,0.0
