,HE,IHC
HE,0.0,0.5047070084914559
IHC,0.5047070084914559,0.0
