,SAR,OPT
SAR,0.0,0.18025332313027473
OPT,0.18025332313027473,0.0
