,SAR,OPT
SAR,0.0,10.782186730624518
OPT,10.782186730624518,0.0
