,SAR,OPT
SAR,0.0,0.006895921548464376
OPT,0.006895921548464376,0.0
