,SAR,OPT
SAR,0.0,0.500355197309586
OPT,0.500355197309586,0.0
