,SAR,OPT
SAR,0.0,0.17944019283823576
OPT,0.17944019283823576,0.0
