,SAR,OPT
SAR,0.0,19.324682578857324
OPT,19.324682578857324,0.0
