,SAR,OPT
SAR,0.0,0.005997985133968253
OPT,0.005997985133968253,0.0
