,SAR,OPT
SAR,0.0,315.6304201972193
OPT,315.6304201972193,0.0
