,SAR,OPT
SAR,0.0,7.088346796186943
OPT,7.088346796186943,0.0
