,SAR,OPT
SAR,0.0,0.485844693520003
OPT,0.485844693520003,0.0
