,HE,IHC
HE,0.0,10.078162792620654
IHC,10.078162792620654,0.0
