,HE,IHC
HE,0.0,0.1084143541569481
IHC,0.1084143541569481,0.0
