,HE,IHC
HE,0.0,0.006390393689250174
IHC,0.006390393689250174,0.0
