,HE,IHC
HE,0.0,0.5433588171543051
IHC,0.5433588171543051,0.0
