,HE,IHC
HE,0.0,0.062156719374738406
IHC,0.062156719374738406,0.0
