,HE,IHC
HE,0.0,16.497826807862392
IHC,16.497826807862392,0.0
