,HE,IHC
HE,0.0,0.004705088078265661
IHC,0.004705088078265661,0.0
