,HE,IHC
HE,0.0,2.170298613187689
IHC,2.170298613187689,0.0
