,HE,IHC
HE,0.0,236.5160181150969
IHC,236.5160181150969,0.0
