,HE,IHC
HE,0.0,0.6323882139041271
IHC,0.6323882139041271,0.0
