,SAR,OPT
SAR,0.0,0.06355794094509257
OPT,0.06355794094509257,0.0
