,SAR,OPT
SAR,0.0,3.5803256678773825
OPT,3.5803256678773825,0.0
