,SAR,OPT
SAR,0.0,0.5232399746644842
OPT,0.5232399746644842,0.0
