,SAR,OPT
SAR,0.0,0.007345812131221582
OPT,0.007345812131221582,0.0
