,SAR,OPT
SAR,0.0,6.555293598917566
OPT,6.555293598917566,0.0
