,SAR,OPT
SAR,0.0,0.06720038802262329
OPT,0.06720038802262329,0.0
