,SAR,OPT
SAR,0.0,1.0532735281927084
OPT,1.0532735281927084,0.0
