,SAR,OPT
SAR,0.0,0.007081036518881854
OPT,0.007081036518881854,0.0
