,SAR,OPT
SAR,0.0,0.5444392068050072
OPT,0.5444392068050072,0.0
