,SAR,OPT
SAR,0.0,42.44936902629413
OPT,42.44936902629413,0.0
