,SAR,OPT
SAR,0.0,3.762554970558522
OPT,3.762554970558522,0.0
