,SAR,OPT
SAR,0.0,0.0655200308971285
OPT,0.0655200308971285,0.0
