,SAR,OPT
SAR,0.0,0.48901812484018925
OPT,0.48901812484018925,0.0
