,SAR,OPT
SAR,0.0,0.007003635007095758
OPT,0.007003635007095758,0.0
