,SAR,OPT
SAR,0.0,7.2830525344761705
OPT,7.2830525344761705,0.0
