,SAR,OPT
SAR,0.0,0.0941439298624336
OPT,0.0941439298624336,0.0
