,SAR,OPT
SAR,0.0,0.5450504819338662
OPT,0.5450504819338662,0.0
