,SAR,OPT
SAR,0.0,0.006028063664464371
OPT,0.006028063664464371,0.0
