,SAR,OPT
SAR,0.0,1.391093843298458
OPT,1.391093843298458,0.0
