,SAR,OPT
SAR,0.0,51.48451086427655
OPT,51.48451086427655,0.0
