,SAR,OPT
SAR,0.0,11.28293369735022
OPT,11.28293369735022,0.0
