,SAR,OPT
SAR,0.0,0.19569512492745375
OPT,0.19569512492745375,0.0
