,SAR,OPT
SAR,0.0,0.5025132089601835
OPT,0.5025132089601835,0.0
