,SAR,OPT
SAR,0.0,0.008466316802070339
OPT,0.008466316802070339,0.0
