,SAR,OPT
SAR,0.0,0.12507785618670314
OPT,0.12507785618670314,0.0
