,SAR,OPT
SAR,0.0,19.62460652015609
OPT,19.62460652015609,0.0
