,SAR,OPT
SAR,0.0,5.680664650039306
OPT,5.680664650039306,0.0
