,SAR,OPT
SAR,0.0,0.006891692390125713
OPT,0.006891692390125713,0.0
