,SAR,OPT
SAR,0.0,0.6894705513168466
OPT,0.6894705513168466,0.0
