,SAR,OPT
SAR,0.0,335.3488148248494
OPT,335.3488148248494,0.0
