,SAR,OPT
SAR,0.0,11.651023995035278
OPT,11.651023995035278,0.0
