,SAR,OPT
SAR,0.0,0.17970596173411701
OPT,0.17970596173411701,0.0
