,SAR,OPT
SAR,0.0,0.527253637064743
OPT,0.527253637064743,0.0
