,SAR,OPT
SAR,0.0,0.00840756278653947
OPT,0.00840756278653947,0.0
