,SAR,OPT
SAR,0.0,19.470916495718726
OPT,19.470916495718726,0.0
