,SAR,OPT
SAR,0.0,0.09366407404643408
OPT,0.09366407404643408,0.0
