,SAR,OPT
SAR,0.0,0.00612536561790474
OPT,0.00612536561790474,0.0
