,SAR,OPT
SAR,0.0,0.6927447121390553
OPT,0.6927447121390553,0.0
