,SAR,OPT
SAR,0.0,4.016553083999266
OPT,4.016553083999266,0.0
