,SAR,OPT
SAR,0.0,333.3837088583203
OPT,333.3837088583203,0.0
