,SAR,OPT
SAR,0.0,11.451746322081146
OPT,11.451746322081146,0.0
