,SAR,OPT
SAR,0.0,0.1926486543814084
OPT,0.1926486543814084,0.0
