,SAR,OPT
SAR,0.0,0.008494628451454484
OPT,0.008494628451454484,0.0
