,SAR,OPT
SAR,0.0,0.5100528644419593
OPT,0.5100528644419593,0.0
