,SAR,OPT
SAR,0.0,0.11579043969980211
OPT,0.11579043969980211,0.0
