,SAR,OPT
SAR,0.0,19.703955034112205
OPT,19.703955034112205,0.0
