,SAR,OPT
SAR,0.0,0.6899551492055217
OPT,0.6899551492055217,0.0
