,SAR,OPT
SAR,0.0,5.287459006518814
OPT,5.287459006518814,0.0
