,SAR,OPT
SAR,0.0,337.9803745358176
OPT,337.9803745358176,0.0
