,SAR,OPT
SAR,0.0,0.007072887508930044
OPT,0.007072887508930044,0.0
