,SAR,OPT
SAR,0.0,0.08198700230700029
OPT,0.08198700230700029,0.0
