,SAR,OPT
SAR,0.0,3.735626222242155
OPT,3.735626222242155,0.0
