,SAR,OPT
SAR,0.0,0.008201642972467131
OPT,0.008201642972467131,0.0
