,SAR,OPT
SAR,0.0,0.49891373529189464
OPT,0.49891373529189464,0.0
