,SAR,OPT
SAR,0.0,7.15278689802744
OPT,7.15278689802744,0.0
