,SAR,OPT
SAR,0.0,0.10950010237829924
OPT,0.10950010237829924,0.0
