,SAR,OPT
SAR,0.0,0.5501599006242885
OPT,0.5501599006242885,0.0
