,SAR,OPT
SAR,0.0,0.006466440362443628
OPT,0.006466440362443628,0.0
