,SAR,OPT
SAR,0.0,49.919296229367355
OPT,49.919296229367355,0.0
