,SAR,OPT
SAR,0.0,1.703507745020922
OPT,1.703507745020922,0.0
