,SAR,OPT
SAR,0.0,31.49741008478105
OPT,31.49741008478105,0.0
