,SAR,OPT
SAR,0.0,0.42766711816142
OPT,0.42766711816142,0.0
