,SAR,OPT
SAR,0.0,0.006431845680252375
OPT,0.006431845680252375,0.0
