,SAR,OPT
SAR,0.0,0.47744760587187524
OPT,0.47744760587187524,0.0
