,SAR,OPT
SAR,0.0,57.29928578290865
OPT,57.29928578290865,0.0
