,SAR,OPT
SAR,0.0,0.20481339801874515
OPT,0.20481339801874515,0.0
