,SAR,OPT
SAR,0.0,0.006615611461334406
OPT,0.006615611461334406,0.0
