,SAR,OPT
SAR,0.0,2597.323111889536
OPT,2597.323111889536,0.0
