,SAR,OPT
SAR,0.0,0.5866090486359772
OPT,0.5866090486359772,0.0
