,SAR,OPT
SAR,0.0,31.238819042202824
OPT,31.238819042202824,0.0
