,SAR,OPT
SAR,0.0,0.07959617466277154
OPT,0.07959617466277154,0.0
