,SAR,OPT
SAR,0.0,3.747337328381407
OPT,3.747337328381407,0.0
