,SAR,OPT
SAR,0.0,0.5146490900013454
OPT,0.5146490900013454,0.0
