,SAR,OPT
SAR,0.0,0.007279984528258491
OPT,0.007279984528258491,0.0
