,SAR,OPT
SAR,0.0,7.098337014040659
OPT,7.098337014040659,0.0
