,SAR,OPT
SAR,0.0,0.10746247193746443
OPT,0.10746247193746443,0.0
