,SAR,OPT
SAR,0.0,0.006695809493591212
OPT,0.006695809493591212,0.0
