,SAR,OPT
SAR,0.0,49.661158944215956
OPT,49.661158944215956,0.0
