,SAR,OPT
SAR,0.0,0.5503605935548914
OPT,0.5503605935548914,0.0
