,SAR,OPT
SAR,0.0,1.7302599745457032
OPT,1.7302599745457032,0.0
