,SAR,OPT
SAR,0.0,0.07394183459327512
OPT,0.07394183459327512,0.0
