,SAR,OPT
SAR,0.0,3.64361679998421
OPT,3.64361679998421,0.0
