,SAR,OPT
SAR,0.0,0.00935708208035938
OPT,0.00935708208035938,0.0
