,SAR,OPT
SAR,0.0,0.48411154658778843
OPT,0.48411154658778843,0.0
