,SAR,OPT
SAR,0.0,7.176222328380561
OPT,7.176222328380561,0.0
