,SAR,OPT
SAR,0.0,0.09866974465028518
OPT,0.09866974465028518,0.0
