,SAR,OPT
SAR,0.0,0.5454418846835679
OPT,0.5454418846835679,0.0
