,SAR,OPT
SAR,0.0,49.975035588868806
OPT,49.975035588868806,0.0
