,SAR,OPT
SAR,0.0,1.4815988115742162
OPT,1.4815988115742162,0.0
