,SAR,OPT
SAR,0.0,0.007420516248932378
OPT,0.007420516248932378,0.0
