,HE,IHC
HE,0.0,10.318780866073059
IHC,10.318780866073059,0.0
