,HE,IHC
HE,0.0,0.11600010971064464
IHC,0.11600010971064464,0.0
