,HE,IHC
HE,0.0,0.558121571747695
IHC,0.558121571747695,0.0
