,HE,IHC
HE,0.0,0.0063221520973793174
IHC,0.0063221520973793174,0.0
