,HE,IHC
HE,0.0,0.0738454541795995
IHC,0.0738454541795995,0.0
