,HE,IHC
HE,0.0,16.565007248612762
IHC,16.565007248612762,0.0
