,HE,IHC
HE,0.0,2.4343545377695186
IHC,2.4343545377695186,0.0
