,HE,IHC
HE,0.0,0.6363747036955942
IHC,0.6363747036955942,0.0
