,HE,IHC
HE,0.0,0.004957980982528015
IHC,0.004957980982528015,0.0
