,HE,IHC
HE,0.0,240.51791748253146
IHC,240.51791748253146,0.0
