,HE,IHC
HE,0.0,0.11447672310789618
IHC,0.11447672310789618,0.0
