,HE,IHC
HE,0.0,8.610188120746766
IHC,8.610188120746766,0.0
