,HE,IHC
HE,0.0,0.011997533862412502
IHC,0.011997533862412502,0.0
