,HE,IHC
HE,0.0,0.6884061440087348
IHC,0.6884061440087348,0.0
