,HE,IHC
HE,0.0,11.898227297860966
IHC,11.898227297860966,0.0
