,HE,IHC
HE,0.0,0.07859466952079601
IHC,0.07859466952079601,0.0
