,HE,IHC
HE,0.0,0.4966322277891199
IHC,0.4966322277891199,0.0
