,HE,IHC
HE,0.0,0.005609175019922493
IHC,0.005609175019922493,0.0
