,HE,IHC
HE,0.0,1.658008182575593
IHC,1.658008182575593,0.0
