,HE,IHC
HE,0.0,14.624985902408648
IHC,14.624985902408648,0.0
