,HE,IHC
HE,0.0,0.1605789472892789
IHC,0.1605789472892789,0.0
