,HE,IHC
HE,0.0,0.6696926585600371
IHC,0.6696926585600371,0.0
