,HE,IHC
HE,0.0,0.008529158790592545
IHC,0.008529158790592545,0.0
