,HE,IHC
HE,0.0,20.62880313631185
IHC,20.62880313631185,0.0
