,HE,IHC
HE,0.0,0.11597098033740799
IHC,0.11597098033740799,0.0
