,HE,IHC
HE,0.0,359.10412011812497
IHC,359.10412011812497,0.0
