,HE,IHC
HE,0.0,4.99590096093852
IHC,4.99590096093852,0.0
