,HE,IHC
HE,0.0,0.004752409407292422
IHC,0.004752409407292422,0.0
