,HE,IHC
HE,0.0,0.39853091419048314
IHC,0.39853091419048314,0.0
