,HE,IHC
HE,0.0,0.15908250328812654
IHC,0.15908250328812654,0.0
