,HE,IHC
HE,0.0,16.13234035033505
IHC,16.13234035033505,0.0
