,HE,IHC
HE,0.0,0.41196882726189055
IHC,0.41196882726189055,0.0
