,HE,IHC
HE,0.0,0.005446031002146838
IHC,0.005446031002146838,0.0
