,HE,IHC
HE,0.0,33.2482736092456
IHC,33.2482736092456,0.0
