,HE,IHC
HE,0.0,0.2245624417484167
IHC,0.2245624417484167,0.0
