,HE,IHC
HE,0.0,0.002066456328694404
IHC,0.002066456328694404,0.0
