,HE,IHC
HE,0.0,10.15569883776456
IHC,10.15569883776456,0.0
