,HE,IHC
HE,0.0,0.16124971892481224
IHC,0.16124971892481224,0.0
