,HE,IHC
HE,0.0,726.3601447302729
IHC,726.3601447302729,0.0
