,SAR,OPT
SAR,0.0,0.17587939237699354
OPT,0.17587939237699354,0.0
