,SAR,OPT
SAR,0.0,11.596007267549291
OPT,11.596007267549291,0.0
