,SAR,OPT
SAR,0.0,0.00729964354325923
OPT,0.00729964354325923,0.0
