,SAR,OPT
SAR,0.0,0.521461374209728
OPT,0.521461374209728,0.0
