,SAR,OPT
SAR,0.0,19.595982097760306
OPT,19.595982097760306,0.0
