,SAR,OPT
SAR,0.0,0.1309389193418386
OPT,0.1309389193418386,0.0
