,SAR,OPT
SAR,0.0,6.093154788045121
OPT,6.093154788045121,0.0
