,SAR,OPT
SAR,0.0,0.6915339156997562
OPT,0.6915339156997562,0.0
