,SAR,OPT
SAR,0.0,0.007031115405030045
OPT,0.007031115405030045,0.0
