,SAR,OPT
SAR,0.0,336.82564361953536
OPT,336.82564361953536,0.0
