,SAR,OPT
SAR,0.0,10.695210863277598
OPT,10.695210863277598,0.0
