,SAR,OPT
SAR,0.0,0.18564143672472241
OPT,0.18564143672472241,0.0
