,SAR,OPT
SAR,0.0,0.00824147520031303
OPT,0.00824147520031303,0.0
