,SAR,OPT
SAR,0.0,0.4972297000366762
OPT,0.4972297000366762,0.0
