,SAR,OPT
SAR,0.0,19.251689979773044
OPT,19.251689979773044,0.0
