,SAR,OPT
SAR,0.0,0.1635144339593102
OPT,0.1635144339593102,0.0
