,SAR,OPT
SAR,0.0,311.15368363282926
OPT,311.15368363282926,0.0
