,SAR,OPT
SAR,0.0,0.48125622456602235
OPT,0.48125622456602235,0.0
