,SAR,OPT
SAR,0.0,6.779304229031636
OPT,6.779304229031636,0.0
