,SAR,OPT
SAR,0.0,0.006471507508366712
OPT,0.006471507508366712,0.0
