,SAR,OPT
SAR,0.0,0.0724754996480521
OPT,0.0724754996480521,0.0
