,SAR,OPT
SAR,0.0,3.674210752073648
OPT,3.674210752073648,0.0
