,SAR,OPT
SAR,0.0,0.4988048140456499
OPT,0.4988048140456499,0.0
