,SAR,OPT
SAR,0.0,0.008535640026214925
OPT,0.008535640026214925,0.0
