,SAR,OPT
SAR,0.0,0.09423638783171315
OPT,0.09423638783171315,0.0
