,SAR,OPT
SAR,0.0,6.895047754904089
OPT,6.895047754904089,0.0
