,SAR,OPT
SAR,0.0,46.46947109365423
OPT,46.46947109365423,0.0
