,SAR,OPT
SAR,0.0,1.3891450128105973
OPT,1.3891450128105973,0.0
