,SAR,OPT
SAR,0.0,0.006654296017856509
OPT,0.006654296017856509,0.0
