,SAR,OPT
SAR,0.0,0.5531742585554862
OPT,0.5531742585554862,0.0
