,SAR,OPT
SAR,0.0,0.07164235343245923
OPT,0.07164235343245923,0.0
