,SAR,OPT
SAR,0.0,3.9133961600939684
OPT,3.9133961600939684,0.0
