,SAR,OPT
SAR,0.0,0.5018808970554722
OPT,0.5018808970554722,0.0
