,SAR,OPT
SAR,0.0,0.006772450604581492
OPT,0.006772450604581492,0.0
