,SAR,OPT
SAR,0.0,7.409028658584738
OPT,7.409028658584738,0.0
