,SAR,OPT
SAR,0.0,0.10695534956600104
OPT,0.10695534956600104,0.0
