,SAR,OPT
SAR,0.0,53.18242626253104
OPT,53.18242626253104,0.0
