,SAR,OPT
SAR,0.0,0.007170256263581544
OPT,0.007170256263581544,0.0
