,SAR,OPT
SAR,0.0,1.618485832366532
OPT,1.618485832366532,0.0
