,SAR,OPT
SAR,0.0,0.5626581524400577
OPT,0.5626581524400577,0.0
