,HE,IHC
HE,0.0,0.11230814937027196
IHC,0.11230814937027196,0.0
