,HE,IHC
HE,0.0,10.010062093302485
IHC,10.010062093302485,0.0
