,HE,IHC
HE,0.0,0.5377683909746418
IHC,0.5377683909746418,0.0
