,HE,IHC
HE,0.0,0.005890582889416768
IHC,0.005890582889416768,0.0
