,HE,IHC
HE,0.0,0.0866738150474789
IHC,0.0866738150474789,0.0
