,HE,IHC
HE,0.0,16.55226646767836
IHC,16.55226646767836,0.0
