,HE,IHC
HE,0.0,237.66264201262595
IHC,237.66264201262595,0.0
