,HE,IHC
HE,0.0,0.005065279551114427
IHC,0.005065279551114427,0.0
