,HE,IHC
HE,0.0,0.6316652659131355
IHC,0.6316652659131355,0.0
