,HE,IHC
HE,0.0,2.6528287864455455
IHC,2.6528287864455455,0.0
