,SAR,OPT
SAR,0.0,0.16014140418751444
OPT,0.16014140418751444,0.0
