,SAR,OPT
SAR,0.0,11.225746125768492
OPT,11.225746125768492,0.0
