,SAR,OPT
SAR,0.0,0.5004108215266083
OPT,0.5004108215266083,0.0
