,SAR,OPT
SAR,0.0,0.006911748780272892
OPT,0.006911748780272892,0.0
