,SAR,OPT
SAR,0.0,19.619264196658694
OPT,19.619264196658694,0.0
