,SAR,OPT
SAR,0.0,0.10791113655472977
OPT,0.10791113655472977,0.0
