,SAR,OPT
SAR,0.0,0.6961095511439173
OPT,0.6961095511439173,0.0
