,SAR,OPT
SAR,0.0,0.0069671954393971045
OPT,0.0069671954393971045,0.0
