,SAR,OPT
SAR,0.0,5.43071126641376
OPT,5.43071126641376,0.0
