,SAR,OPT
SAR,0.0,333.81283774964743
OPT,333.81283774964743,0.0
