,HE,IHC
HE,0.0,0.09773322813923144
IHC,0.09773322813923144,0.0
