,HE,IHC
HE,0.0,8.838270059397837
IHC,8.838270059397837,0.0
