,HE,IHC
HE,0.0,0.009026547502323934
IHC,0.009026547502323934,0.0
