,HE,IHC
HE,0.0,0.7131373557652733
IHC,0.7131373557652733,0.0
