,HE,IHC
HE,0.0,0.07961978212763413
IHC,0.07961978212763413,0.0
