,HE,IHC
HE,0.0,11.923761485616115
IHC,11.923761485616115,0.0
