,HE,IHC
HE,0.0,0.004851832829582981
IHC,0.004851832829582981,0.0
