,HE,IHC
HE,0.0,128.8099263744538
IHC,128.8099263744538,0.0
