,HE,IHC
HE,0.0,1.8554678073586697
IHC,1.8554678073586697,0.0
