,HE,IHC
HE,0.0,0.5029381882981874
IHC,0.5029381882981874,0.0
