,HE,IHC
HE,0.0,8.87243448476902
IHC,8.87243448476902,0.0
