,HE,IHC
HE,0.0,0.10628751776573352
IHC,0.10628751776573352,0.0
