,HE,IHC
HE,0.0,0.010229693808757072
IHC,0.010229693808757072,0.0
