,HE,IHC
HE,0.0,0.7129406823588275
IHC,0.7129406823588275,0.0
