,HE,IHC
HE,0.0,0.09271648485455088
IHC,0.09271648485455088,0.0
