,HE,IHC
HE,0.0,11.97258962063208
IHC,11.97258962063208,0.0
