,HE,IHC
HE,0.0,0.5033461542555748
IHC,0.5033461542555748,0.0
