,HE,IHC
HE,0.0,129.75119957133833
IHC,129.75119957133833,0.0
