,HE,IHC
HE,0.0,0.005201615955114862
IHC,0.005201615955114862,0.0
