,HE,IHC
HE,0.0,2.0621929295711223
IHC,2.0621929295711223,0.0
