,HE,IHC
HE,0.0,14.007394591479065
IHC,14.007394591479065,0.0
