,HE,IHC
HE,0.0,0.17956209766051812
IHC,0.17956209766051812,0.0
