,HE,IHC
HE,0.0,0.01150410084946334
IHC,0.01150410084946334,0.0
