,HE,IHC
HE,0.0,0.6210385169448189
IHC,0.6210385169448189,0.0
