,HE,IHC
HE,0.0,0.15817995110538022
IHC,0.15817995110538022,0.0
