,HE,IHC
HE,0.0,21.067813159912543
IHC,21.067813159912543,0.0
