,HE,IHC
HE,0.0,5.580939190191327
IHC,5.580939190191327,0.0
