,HE,IHC
HE,0.0,0.39168645749296505
IHC,0.39168645749296505,0.0
