,HE,IHC
HE,0.0,0.004249544050720401
IHC,0.004249544050720401,0.0
