,HE,IHC
HE,0.0,371.95010565426855
IHC,371.95010565426855,0.0
