,HE,IHC
HE,0.0,0.21766000273951752
IHC,0.21766000273951752,0.0
