,HE,IHC
HE,0.0,16.039484131324567
IHC,16.039484131324567,0.0
