,HE,IHC
HE,0.0,0.40036740908562635
IHC,0.40036740908562635,0.0
