,HE,IHC
HE,0.0,0.005932472684042959
IHC,0.005932472684042959,0.0
