,HE,IHC
HE,0.0,33.85913260674071
IHC,33.85913260674071,0.0
