,HE,IHC
HE,0.0,0.2418116285265877
IHC,0.2418116285265877,0.0
