,HE,IHC
HE,0.0,0.16188828177462466
IHC,0.16188828177462466,0.0
