,HE,IHC
HE,0.0,731.0067298788292
IHC,731.0067298788292,0.0
