,HE,IHC
HE,0.0,12.618760847875103
IHC,12.618760847875103,0.0
