,HE,IHC
HE,0.0,0.002623668906319626
IHC,0.002623668906319626,0.0
