,SAR,OPT
SAR,0.0,11.028434975688572
OPT,11.028434975688572,0.0
