,SAR,OPT
SAR,0.0,0.18591499051021318
OPT,0.18591499051021318,0.0
