,SAR,OPT
SAR,0.0,0.007767317968699471
OPT,0.007767317968699471,0.0
