,SAR,OPT
SAR,0.0,0.5061380335291459
OPT,0.5061380335291459,0.0
