,SAR,OPT
SAR,0.0,0.17753331270989386
OPT,0.17753331270989386,0.0
