,SAR,OPT
SAR,0.0,19.519832295066788
OPT,19.519832295066788,0.0
