,SAR,OPT
SAR,0.0,0.00608021973551635
OPT,0.00608021973551635,0.0
