,SAR,OPT
SAR,0.0,6.8694446279464545
OPT,6.8694446279464545,0.0
