,SAR,OPT
SAR,0.0,323.4729185285263
OPT,323.4729185285263,0.0
