,SAR,OPT
SAR,0.0,0.48467058920425676
OPT,0.48467058920425676,0.0
