,HE,IHC
HE,0.0,0.18241029424561456
IHC,0.18241029424561456,0.0
