,HE,IHC
HE,0.0,16.03737256387611
IHC,16.03737256387611,0.0
