,HE,IHC
HE,0.0,0.005334498886334421
IHC,0.005334498886334421,0.0
