,HE,IHC
HE,0.0,0.40486372096544687
IHC,0.40486372096544687,0.0
