,HE,IHC
HE,0.0,33.517113462226035
IHC,33.517113462226035,0.0
