,HE,IHC
HE,0.0,0.24627873275443243
IHC,0.24627873275443243,0.0
