,HE,IHC
HE,0.0,11.132409503865777
IHC,11.132409503865777,0.0
