,HE,IHC
HE,0.0,0.0022829451208273162
IHC,0.0022829451208273162,0.0
