,HE,IHC
HE,0.0,0.1617092961863128
IHC,0.1617092961863128,0.0
