,HE,IHC
HE,0.0,728.9339866637823
IHC,728.9339866637823,0.0
