,HE,IHC
HE,0.0,9.98529222877505
IHC,9.98529222877505,0.0
