,HE,IHC
HE,0.0,0.12175694950215081
IHC,0.12175694950215081,0.0
