,HE,IHC
HE,0.0,0.006322983389885781
IHC,0.006322983389885781,0.0
