,HE,IHC
HE,0.0,0.5383504697830438
IHC,0.5383504697830438,0.0
