,HE,IHC
HE,0.0,0.09936538616958435
IHC,0.09936538616958435,0.0
