,HE,IHC
HE,0.0,16.505048773788502
IHC,16.505048773788502,0.0
