,HE,IHC
HE,0.0,0.6298465722232457
IHC,0.6298465722232457,0.0
