,HE,IHC
HE,0.0,0.005407078688825081
IHC,0.005407078688825081,0.0
