,HE,IHC
HE,0.0,3.184827189166175
IHC,3.184827189166175,0.0
