,HE,IHC
HE,0.0,236.11624050610268
IHC,236.11624050610268,0.0
