,SAR,OPT
SAR,0.0,0.1514649489160736
OPT,0.1514649489160736,0.0
