,SAR,OPT
SAR,0.0,11.333124893875203
OPT,11.333124893875203,0.0
