,SAR,OPT
SAR,0.0,0.5124101340553022
OPT,0.5124101340553022,0.0
