,SAR,OPT
SAR,0.0,0.006570919733326789
OPT,0.006570919733326789,0.0
