,SAR,OPT
SAR,0.0,19.815589248063137
OPT,19.815589248063137,0.0
