,SAR,OPT
SAR,0.0,0.16156009923808373
OPT,0.16156009923808373,0.0
