,SAR,OPT
SAR,0.0,0.49506511474539194
OPT,0.49506511474539194,0.0
