,SAR,OPT
SAR,0.0,0.005723479121716304
OPT,0.005723479121716304,0.0
