,SAR,OPT
SAR,0.0,5.926752893302554
OPT,5.926752893302554,0.0
