,SAR,OPT
SAR,0.0,331.7950451405753
OPT,331.7950451405753,0.0
