,HE,IHC
HE,0.0,10.018513266010896
IHC,10.018513266010896,0.0
