,HE,IHC
HE,0.0,0.1241110810806076
IHC,0.1241110810806076,0.0
