,HE,IHC
HE,0.0,0.5392620112228932
IHC,0.5392620112228932,0.0
