,HE,IHC
HE,0.0,0.006881974102385683
IHC,0.006881974102385683,0.0
