,HE,IHC
HE,0.0,16.535642948936747
IHC,16.535642948936747,0.0
