,HE,IHC
HE,0.0,0.09331559382643304
IHC,0.09331559382643304,0.0
