,HE,IHC
HE,0.0,0.0050265927461749125
IHC,0.0050265927461749125,0.0
