,HE,IHC
HE,0.0,2.8950241784299067
IHC,2.8950241784299067,0.0
