,HE,IHC
HE,0.0,237.1765508903055
IHC,237.1765508903055,0.0
