,HE,IHC
HE,0.0,0.630490999429736
IHC,0.630490999429736,0.0
