,SAR,OPT
SAR,0.0,0.5251135910800256
OPT,0.5251135910800256,0.0
