,SAR,OPT
SAR,0.0,31.967874773410813
OPT,31.967874773410813,0.0
