,SAR,OPT
SAR,0.0,0.008037186616951186
OPT,0.008037186616951186,0.0
