,SAR,OPT
SAR,0.0,0.48902749344917773
OPT,0.48902749344917773,0.0
