,SAR,OPT
SAR,0.0,0.27776043846145243
OPT,0.27776043846145243,0.0
