,SAR,OPT
SAR,0.0,57.10654577612842
OPT,57.10654577612842,0.0
