,SAR,OPT
SAR,0.0,37.934539841072734
OPT,37.934539841072734,0.0
