,SAR,OPT
SAR,0.0,0.007973276529023545
OPT,0.007973276529023545,0.0
