,SAR,OPT
SAR,0.0,2648.9463541852847
OPT,2648.9463541852847,0.0
