,SAR,OPT
SAR,0.0,0.6000461886981941
OPT,0.6000461886981941,0.0
