,SAR,OPT
SAR,0.0,10.842440687964443
OPT,10.842440687964443,0.0
