,SAR,OPT
SAR,0.0,0.1493673258147687
OPT,0.1493673258147687,0.0
