,SAR,OPT
SAR,0.0,0.5089064409716442
OPT,0.5089064409716442,0.0
