,SAR,OPT
SAR,0.0,0.006588299609420831
OPT,0.006588299609420831,0.0
