,SAR,OPT
SAR,0.0,19.099088073359344
OPT,19.099088073359344,0.0
