,SAR,OPT
SAR,0.0,0.1455597595838009
OPT,0.1455597595838009,0.0
