,SAR,OPT
SAR,0.0,310.85097921497413
OPT,310.85097921497413,0.0
