,SAR,OPT
SAR,0.0,0.005430150188836723
OPT,0.005430150188836723,0.0
