,SAR,OPT
SAR,0.0,5.578479278752966
OPT,5.578479278752966,0.0
