,SAR,OPT
SAR,0.0,0.4858235008899968
OPT,0.4858235008899968,0.0
