,SAR,OPT
SAR,0.0,10.975130463147103
OPT,10.975130463147103,0.0
