,SAR,OPT
SAR,0.0,0.18430567637560547
OPT,0.18430567637560547,0.0
