,SAR,OPT
SAR,0.0,0.5103922610759725
OPT,0.5103922610759725,0.0
