,SAR,OPT
SAR,0.0,0.006706519001661777
OPT,0.006706519001661777,0.0
