,SAR,OPT
SAR,0.0,19.31308875185334
OPT,19.31308875185334,0.0
