,SAR,OPT
SAR,0.0,0.18791986502361824
OPT,0.18791986502361824,0.0
