,SAR,OPT
SAR,0.0,316.8671326958028
OPT,316.8671326958028,0.0
