,SAR,OPT
SAR,0.0,0.004882527652425082
OPT,0.004882527652425082,0.0
