,SAR,OPT
SAR,0.0,6.990739383961058
OPT,6.990739383961058,0.0
