,SAR,OPT
SAR,0.0,0.48355103836170527
OPT,0.48355103836170527,0.0
