,SAR,OPT
SAR,0.0,0.19335548987646273
OPT,0.19335548987646273,0.0
