,SAR,OPT
SAR,0.0,11.396685997027395
OPT,11.396685997027395,0.0
