,SAR,OPT
SAR,0.0,0.5119324716586033
OPT,0.5119324716586033,0.0
