,SAR,OPT
SAR,0.0,0.008132034638054198
OPT,0.008132034638054198,0.0
