,SAR,OPT
SAR,0.0,19.544443170482268
OPT,19.544443170482268,0.0
