,SAR,OPT
SAR,0.0,0.12288501083021756
OPT,0.12288501083021756,0.0
