,SAR,OPT
SAR,0.0,6.008954884253057
OPT,6.008954884253057,0.0
