,SAR,OPT
SAR,0.0,0.0073475170398281655
OPT,0.0073475170398281655,0.0
