,SAR,OPT
SAR,0.0,334.9674713629205
OPT,334.9674713629205,0.0
