,SAR,OPT
SAR,0.0,0.696238822923493
OPT,0.696238822923493,0.0
