,HE,IHC
HE,0.0,0.17170378998469568
IHC,0.17170378998469568,0.0
