,HE,IHC
HE,0.0,14.105805762350567
IHC,14.105805762350567,0.0
