,HE,IHC
HE,0.0,0.009620930550676483
IHC,0.009620930550676483,0.0
