,HE,IHC
HE,0.0,0.6197601725377305
IHC,0.6197601725377305,0.0
