,HE,IHC
HE,0.0,0.1255178447460594
IHC,0.1255178447460594,0.0
