,HE,IHC
HE,0.0,21.26697297024709
IHC,21.26697297024709,0.0
