,HE,IHC
HE,0.0,0.3956652258291023
IHC,0.3956652258291023,0.0
