,HE,IHC
HE,0.0,0.0043957362544329885
IHC,0.0043957362544329885,0.0
