,HE,IHC
HE,0.0,380.9205104792191
IHC,380.9205104792191,0.0
