,HE,IHC
HE,0.0,4.986363421560966
IHC,4.986363421560966,0.0
