,SAR,OPT
SAR,0.0,3.7964919557213266
OPT,3.7964919557213266,0.0
