,SAR,OPT
SAR,0.0,0.07182507911025623
OPT,0.07182507911025623,0.0
