,SAR,OPT
SAR,0.0,0.4856875782385854
OPT,0.4856875782385854,0.0
