,SAR,OPT
SAR,0.0,0.00669707874659308
OPT,0.00669707874659308,0.0
