,SAR,OPT
SAR,0.0,0.10835634161692172
OPT,0.10835634161692172,0.0
