,SAR,OPT
SAR,0.0,7.4322865034376555
OPT,7.4322865034376555,0.0
