,SAR,OPT
SAR,0.0,0.5527946789328592
OPT,0.5527946789328592,0.0
