,SAR,OPT
SAR,0.0,53.29247687880616
OPT,53.29247687880616,0.0
