,SAR,OPT
SAR,0.0,0.006361506191615249
OPT,0.006361506191615249,0.0
