,SAR,OPT
SAR,0.0,1.566243019791184
OPT,1.566243019791184,0.0
