,SAR,OPT
SAR,0.0,0.08569350769120952
OPT,0.08569350769120952,0.0
