,SAR,OPT
SAR,0.0,3.6340357534904744
OPT,3.6340357534904744,0.0
