,SAR,OPT
SAR,0.0,0.007784354063889973
OPT,0.007784354063889973,0.0
