,SAR,OPT
SAR,0.0,0.48429717917986326
OPT,0.48429717917986326,0.0
