,SAR,OPT
SAR,0.0,7.142311188242927
OPT,7.142311188242927,0.0
