,SAR,OPT
SAR,0.0,0.12066567288087152
OPT,0.12066567288087152,0.0
