,SAR,OPT
SAR,0.0,0.007013495607404042
OPT,0.007013495607404042,0.0
