,SAR,OPT
SAR,0.0,49.39912200154403
OPT,49.39912200154403,0.0
