,SAR,OPT
SAR,0.0,0.5443182317604314
OPT,0.5443182317604314,0.0
