,SAR,OPT
SAR,0.0,1.8629490258564048
OPT,1.8629490258564048,0.0
