,HE,IHC
HE,0.0,15.955828001767179
IHC,15.955828001767179,0.0
