,HE,IHC
HE,0.0,0.20695349604084523
IHC,0.20695349604084523,0.0
