,HE,IHC
HE,0.0,0.005691929622755248
IHC,0.005691929622755248,0.0
