,HE,IHC
HE,0.0,0.3991580893679197
IHC,0.3991580893679197,0.0
