,HE,IHC
HE,0.0,33.806541140045795
IHC,33.806541140045795,0.0
