,HE,IHC
HE,0.0,0.2529821323276208
IHC,0.2529821323276208,0.0
