,HE,IHC
HE,0.0,0.0023761058446286664
IHC,0.0023761058446286664,0.0
