,HE,IHC
HE,0.0,0.16098781750458907
IHC,0.16098781750458907,0.0
