,HE,IHC
HE,0.0,726.8179512119385
IHC,726.8179512119385,0.0
