,HE,IHC
HE,0.0,11.650793820047658
IHC,11.650793820047658,0.0
