,HE,IHC
HE,0.0,0.15445597919828402
IHC,0.15445597919828402,0.0
