,HE,IHC
HE,0.0,16.003006732068783
IHC,16.003006732068783,0.0
