,HE,IHC
HE,0.0,0.005102318564270446
IHC,0.005102318564270446,0.0
