,HE,IHC
HE,0.0,0.4005095345643949
IHC,0.4005095345643949,0.0
