,HE,IHC
HE,0.0,33.792126525143836
IHC,33.792126525143836,0.0
