,HE,IHC
HE,0.0,0.24873191150156798
IHC,0.24873191150156798,0.0
