,HE,IHC
HE,0.0,0.16097867255335976
IHC,0.16097867255335976,0.0
