,HE,IHC
HE,0.0,726.5476489425981
IHC,726.5476489425981,0.0
