,HE,IHC
HE,0.0,0.002094909836305899
IHC,0.002094909836305899,0.0
