,HE,IHC
HE,0.0,10.467428774760416
IHC,10.467428774760416,0.0
