,SAR,OPT
SAR,0.0,11.725883028416561
OPT,11.725883028416561,0.0
