,SAR,OPT
SAR,0.0,0.15542405563736197
OPT,0.15542405563736197,0.0
