,SAR,OPT
SAR,0.0,0.5217308404920827
OPT,0.5217308404920827,0.0
