,SAR,OPT
SAR,0.0,0.007074557977772593
OPT,0.007074557977772593,0.0
