,SAR,OPT
SAR,0.0,0.09506300509882695
OPT,0.09506300509882695,0.0
