,SAR,OPT
SAR,0.0,19.800438205069977
OPT,19.800438205069977,0.0
