,SAR,OPT
SAR,0.0,4.546821390862502
OPT,4.546821390862502,0.0
