,SAR,OPT
SAR,0.0,343.01543056894366
OPT,343.01543056894366,0.0
