,SAR,OPT
SAR,0.0,0.694597551944494
OPT,0.694597551944494,0.0
