,SAR,OPT
SAR,0.0,0.006583018730968815
OPT,0.006583018730968815,0.0
