,HE,IHC
HE,0.0,0.12793555550584612
IHC,0.12793555550584612,0.0
