,HE,IHC
HE,0.0,10.055853750770456
IHC,10.055853750770456,0.0
