,HE,IHC
HE,0.0,0.5454634739800716
IHC,0.5454634739800716,0.0
