,HE,IHC
HE,0.0,0.006765682762448096
IHC,0.006765682762448096,0.0
