,HE,IHC
HE,0.0,0.08791236607157489
IHC,0.08791236607157489,0.0
