,HE,IHC
HE,0.0,16.474086089388603
IHC,16.474086089388603,0.0
