,HE,IHC
HE,0.0,0.005516998310662897
IHC,0.005516998310662897,0.0
