,HE,IHC
HE,0.0,2.8206199336242386
IHC,2.8206199336242386,0.0
