,HE,IHC
HE,0.0,235.78466221413188
IHC,235.78466221413188,0.0
