,HE,IHC
HE,0.0,0.6289653356940923
IHC,0.6289653356940923,0.0
