,HE,IHC
HE,0.0,0.1733592678509734
IHC,0.1733592678509734,0.0
