,HE,IHC
HE,0.0,14.02849485533863
IHC,14.02849485533863,0.0
