,HE,IHC
HE,0.0,0.011412559936986309
IHC,0.011412559936986309,0.0
