,HE,IHC
HE,0.0,0.6229173117882278
IHC,0.6229173117882278,0.0
