,HE,IHC
HE,0.0,21.0566102688182
IHC,21.0566102688182,0.0
