,HE,IHC
HE,0.0,0.11748836138042171
IHC,0.11748836138042171,0.0
