,HE,IHC
HE,0.0,371.7379592248334
IHC,371.7379592248334,0.0
