,HE,IHC
HE,0.0,4.058313176878158
IHC,4.058313176878158,0.0
