,HE,IHC
HE,0.0,0.0041319624580326356
IHC,0.0041319624580326356,0.0
