,HE,IHC
HE,0.0,0.3911251486145774
IHC,0.3911251486145774,0.0
