,SAR,OPT
SAR,0.0,10.667667557486322
OPT,10.667667557486322,0.0
