,SAR,OPT
SAR,0.0,0.164539344917599
OPT,0.164539344917599,0.0
