,SAR,OPT
SAR,0.0,0.4952751182889493
OPT,0.4952751182889493,0.0
