,SAR,OPT
SAR,0.0,0.0067944657225473114
OPT,0.0067944657225473114,0.0
