,SAR,OPT
SAR,0.0,0.17066232039461862
OPT,0.17066232039461862,0.0
