,SAR,OPT
SAR,0.0,19.27639603617155
OPT,19.27639603617155,0.0
