,SAR,OPT
SAR,0.0,0.005485374679443014
OPT,0.005485374679443014,0.0
