,SAR,OPT
SAR,0.0,6.478749663701733
OPT,6.478749663701733,0.0
