,SAR,OPT
SAR,0.0,0.48013426641412166
OPT,0.48013426641412166,0.0
