,SAR,OPT
SAR,0.0,312.520244860621
OPT,312.520244860621,0.0
