,HE,IHC
HE,0.0,10.149167249157527
IHC,10.149167249157527,0.0
