,HE,IHC
HE,0.0,0.11495227704948072
IHC,0.11495227704948072,0.0
