,HE,IHC
HE,0.0,0.5434240882358247
IHC,0.5434240882358247,0.0
