,HE,IHC
HE,0.0,0.006547010525177971
IHC,0.006547010525177971,0.0
