,HE,IHC
HE,0.0,16.658787106794495
IHC,16.658787106794495,0.0
