,HE,IHC
HE,0.0,0.08856092233432429
IHC,0.08856092233432429,0.0
