,HE,IHC
HE,0.0,0.004278782430147214
IHC,0.004278782430147214,0.0
