,HE,IHC
HE,0.0,0.6350620535238154
IHC,0.6350620535238154,0.0
