,HE,IHC
HE,0.0,2.6592657604492778
IHC,2.6592657604492778,0.0
