,HE,IHC
HE,0.0,241.12173666201946
IHC,241.12173666201946,0.0
