,HE,IHC
HE,0.0,16.31513141169906
IHC,16.31513141169906,0.0
