,HE,IHC
HE,0.0,0.2477424199671399
IHC,0.2477424199671399,0.0
