,HE,IHC
HE,0.0,0.39235751377485173
IHC,0.39235751377485173,0.0
