,HE,IHC
HE,0.0,0.005923772047089983
IHC,0.005923772047089983,0.0
