,HE,IHC
HE,0.0,35.12223739850845
IHC,35.12223739850845,0.0
