,HE,IHC
HE,0.0,0.2534599260642274
IHC,0.2534599260642274,0.0
