,HE,IHC
HE,0.0,13.317712023459961
IHC,13.317712023459961,0.0
