,HE,IHC
HE,0.0,0.1708812508155571
IHC,0.1708812508155571,0.0
