,HE,IHC
HE,0.0,0.002702395591919705
IHC,0.002702395591919705,0.0
