,HE,IHC
HE,0.0,777.3895761566389
IHC,777.3895761566389,0.0
