,HE,IHC
HE,0.0,0.10450943945129695
IHC,0.10450943945129695,0.0
