,HE,IHC
HE,0.0,8.713951372466873
IHC,8.713951372466873,0.0
