,HE,IHC
HE,0.0,0.010592759663918132
IHC,0.010592759663918132,0.0
