,HE,IHC
HE,0.0,0.7000818457392269
IHC,0.7000818457392269,0.0
