,HE,IHC
HE,0.0,0.08238208567055687
IHC,0.08238208567055687,0.0
