,HE,IHC
HE,0.0,11.903044151564824
IHC,11.903044151564824,0.0
