,HE,IHC
HE,0.0,0.49476393475748554
IHC,0.49476393475748554,0.0
