,HE,IHC
HE,0.0,2.0110785098962007
IHC,2.0110785098962007,0.0
