,HE,IHC
HE,0.0,0.005464239025932564
IHC,0.005464239025932564,0.0
