,HE,IHC
HE,0.0,127.56568300886873
IHC,127.56568300886873,0.0
