,HE,IHC
HE,0.0,9.63294946775973
IHC,9.63294946775973,0.0
