,HE,IHC
HE,0.0,0.10859199177236684
IHC,0.10859199177236684,0.0
