,HE,IHC
HE,0.0,0.5239814540698646
IHC,0.5239814540698646,0.0
