,HE,IHC
HE,0.0,0.006493421944670177
IHC,0.006493421944670177,0.0
