,HE,IHC
HE,0.0,0.06730719257878277
IHC,0.06730719257878277,0.0
