,HE,IHC
HE,0.0,16.283631905209127
IHC,16.283631905209127,0.0
