,HE,IHC
HE,0.0,0.005340401316385861
IHC,0.005340401316385861,0.0
