,HE,IHC
HE,0.0,228.90676680261456
IHC,228.90676680261456,0.0
