,HE,IHC
HE,0.0,0.6218656862630934
IHC,0.6218656862630934,0.0
