,HE,IHC
HE,0.0,2.129356170800702
IHC,2.129356170800702,0.0
