,SAR,OPT
SAR,0.0,10.88763539656144
OPT,10.88763539656144,0.0
