,SAR,OPT
SAR,0.0,0.1635961152747967
OPT,0.1635961152747967,0.0
