,SAR,OPT
SAR,0.0,0.006364445509809526
OPT,0.006364445509809526,0.0
