,SAR,OPT
SAR,0.0,0.5121097869999367
OPT,0.5121097869999367,0.0
