,SAR,OPT
SAR,0.0,0.1663381470431913
OPT,0.1663381470431913,0.0
