,SAR,OPT
SAR,0.0,19.179288139355755
OPT,19.179288139355755,0.0
