,SAR,OPT
SAR,0.0,6.200279541431957
OPT,6.200279541431957,0.0
