,SAR,OPT
SAR,0.0,0.48593671324147414
OPT,0.48593671324147414,0.0
