,SAR,OPT
SAR,0.0,314.1688808767792
OPT,314.1688808767792,0.0
