,SAR,OPT
SAR,0.0,0.00500111158886597
OPT,0.00500111158886597,0.0
