,HE,IHC
HE,0.0,14.082374618962115
IHC,14.082374618962115,0.0
