,HE,IHC
HE,0.0,0.1884613052575255
IHC,0.1884613052575255,0.0
