,HE,IHC
HE,0.0,0.6264863249607221
IHC,0.6264863249607221,0.0
