,HE,IHC
HE,0.0,0.010858886625324833
IHC,0.010858886625324833,0.0
