,HE,IHC
HE,0.0,21.052931225132692
IHC,21.052931225132692,0.0
