,HE,IHC
HE,0.0,0.12526214262552193
IHC,0.12526214262552193,0.0
