,HE,IHC
HE,0.0,0.004158473464608925
IHC,0.004158473464608925,0.0
