,HE,IHC
HE,0.0,0.39159785257541313
IHC,0.39159785257541313,0.0
