,HE,IHC
HE,0.0,5.118997012507483
IHC,5.118997012507483,0.0
