,HE,IHC
HE,0.0,372.3935237809271
IHC,372.3935237809271,0.0
