,HE,IHC
HE,0.0,8.85744430428918
IHC,8.85744430428918,0.0
