,HE,IHC
HE,0.0,0.09105390337682485
IHC,0.09105390337682485,0.0
