,HE,IHC
HE,0.0,0.7093944258212562
IHC,0.7093944258212562,0.0
