,HE,IHC
HE,0.0,0.008633594739193017
IHC,0.008633594739193017,0.0
