,HE,IHC
HE,0.0,0.09033599684703057
IHC,0.09033599684703057,0.0
