,HE,IHC
HE,0.0,11.995475341991112
IHC,11.995475341991112,0.0
