,HE,IHC
HE,0.0,0.00451075013414945
IHC,0.00451075013414945,0.0
