,HE,IHC
HE,0.0,0.49915343065500406
IHC,0.49915343065500406,0.0
