,HE,IHC
HE,0.0,130.11653482166625
IHC,130.11653482166625,0.0
