,HE,IHC
HE,0.0,1.8567531267441393
IHC,1.8567531267441393,0.0
