,HE,IHC
HE,0.0,13.731725240266362
IHC,13.731725240266362,0.0
