,HE,IHC
HE,0.0,0.19450655028857025
IHC,0.19450655028857025,0.0
