,HE,IHC
HE,0.0,0.6066665056602095
IHC,0.6066665056602095,0.0
