,HE,IHC
HE,0.0,0.011196237086734829
IHC,0.011196237086734829,0.0
