,HE,IHC
HE,0.0,21.02063028555232
IHC,21.02063028555232,0.0
