,HE,IHC
HE,0.0,0.13234101314558336
IHC,0.13234101314558336,0.0
