,HE,IHC
HE,0.0,0.005065899541801799
IHC,0.005065899541801799,0.0
