,HE,IHC
HE,0.0,367.3243007993006
IHC,367.3243007993006,0.0
