,HE,IHC
HE,0.0,0.37954128562306044
IHC,0.37954128562306044,0.0
