,HE,IHC
HE,0.0,5.251350195866856
IHC,5.251350195866856,0.0
