,HE,IHC
HE,0.0,0.19701833055702878
IHC,0.19701833055702878,0.0
