,HE,IHC
HE,0.0,15.933137224598347
IHC,15.933137224598347,0.0
