,HE,IHC
HE,0.0,0.3981408183395011
IHC,0.3981408183395011,0.0
