,HE,IHC
HE,0.0,0.004597454692128962
IHC,0.004597454692128962,0.0
