,HE,IHC
HE,0.0,33.829643059061034
IHC,33.829643059061034,0.0
