,HE,IHC
HE,0.0,0.25009657352483794
IHC,0.25009657352483794,0.0
