,HE,IHC
HE,0.0,728.9600280258092
IHC,728.9600280258092,0.0
