,HE,IHC
HE,0.0,0.002677365765259578
IHC,0.002677365765259578,0.0
