,HE,IHC
HE,0.0,12.98778354986871
IHC,12.98778354986871,0.0
