,HE,IHC
HE,0.0,0.16159157848470215
IHC,0.16159157848470215,0.0
