,HE,IHC
HE,0.0,0.11083928478660621
IHC,0.11083928478660621,0.0
