,HE,IHC
HE,0.0,8.851283117921675
IHC,8.851283117921675,0.0
