,HE,IHC
HE,0.0,0.01141202958154938
IHC,0.01141202958154938,0.0
