,HE,IHC
HE,0.0,0.7122786963219234
IHC,0.7122786963219234,0.0
