,HE,IHC
HE,0.0,0.09276161048511113
IHC,0.09276161048511113,0.0
