,HE,IHC
HE,0.0,11.956268895593388
IHC,11.956268895593388,0.0
