,HE,IHC
HE,0.0,129.33929162923903
IHC,129.33929162923903,0.0
