,HE,IHC
HE,0.0,2.050022897758937
IHC,2.050022897758937,0.0
