,HE,IHC
HE,0.0,0.5022562889255617
IHC,0.5022562889255617,0.0
