,HE,IHC
HE,0.0,0.005354986062050217
IHC,0.005354986062050217,0.0
