,SAR,OPT
SAR,0.0,0.1526619874687985
OPT,0.1526619874687985,0.0
