,SAR,OPT
SAR,0.0,11.273504235405898
OPT,11.273504235405898,0.0
