,SAR,OPT
SAR,0.0,0.5018251740381906
OPT,0.5018251740381906,0.0
