,SAR,OPT
SAR,0.0,0.007031818470390137
OPT,0.007031818470390137,0.0
