,SAR,OPT
SAR,0.0,19.631377273973524
OPT,19.631377273973524,0.0
