,SAR,OPT
SAR,0.0,0.1168956781694336
OPT,0.1168956781694336,0.0
