,SAR,OPT
SAR,0.0,335.0808294916699
OPT,335.0808294916699,0.0
