,SAR,OPT
SAR,0.0,0.688456372756123
OPT,0.688456372756123,0.0
