,SAR,OPT
SAR,0.0,5.226465181295808
OPT,5.226465181295808,0.0
