,SAR,OPT
SAR,0.0,0.007378632383388431
OPT,0.007378632383388431,0.0
