,HE,IHC
HE,0.0,0.11758782296166558
IHC,0.11758782296166558,0.0
