,HE,IHC
HE,0.0,10.01762591133368
IHC,10.01762591133368,0.0
