,HE,IHC
HE,0.0,0.5416311201948816
IHC,0.5416311201948816,0.0
