,HE,IHC
HE,0.0,0.005890053141862851
IHC,0.005890053141862851,0.0
