,HE,IHC
HE,0.0,16.481878265250476
IHC,16.481878265250476,0.0
