,HE,IHC
HE,0.0,0.1009740805434651
IHC,0.1009740805434651,0.0
