,HE,IHC
HE,0.0,236.0893206368671
IHC,236.0893206368671,0.0
