,HE,IHC
HE,0.0,0.6318051631378234
IHC,0.6318051631378234,0.0
