,HE,IHC
HE,0.0,0.004844780707279914
IHC,0.004844780707279914,0.0
