,HE,IHC
HE,0.0,3.1476948778066034
IHC,3.1476948778066034,0.0
