,SAR,OPT
SAR,0.0,0.4271417460445994
OPT,0.4271417460445994,0.0
