,SAR,OPT
SAR,0.0,30.876425789634432
OPT,30.876425789634432,0.0
