,SAR,OPT
SAR,0.0,0.006240856264720986
OPT,0.006240856264720986,0.0
