,SAR,OPT
SAR,0.0,0.46125455743415494
OPT,0.46125455743415494,0.0
