,SAR,OPT
SAR,0.0,0.24071974972485774
OPT,0.24071974972485774,0.0
