,SAR,OPT
SAR,0.0,57.77499388999988
OPT,57.77499388999988,0.0
