,SAR,OPT
SAR,0.0,2629.811115960289
OPT,2629.811115960289,0.0
