,SAR,OPT
SAR,0.0,0.5939719829434555
OPT,0.5939719829434555,0.0
