,SAR,OPT
SAR,0.0,33.76854302039327
OPT,33.76854302039327,0.0
