,SAR,OPT
SAR,0.0,0.007063034403859547
OPT,0.007063034403859547,0.0
