,SAR,OPT
SAR,0.0,0.5489062792985797
OPT,0.5489062792985797,0.0
