,SAR,OPT
SAR,0.0,31.135587300788817
OPT,31.135587300788817,0.0
