,SAR,OPT
SAR,0.0,0.4661488962687547
OPT,0.4661488962687547,0.0
