,SAR,OPT
SAR,0.0,0.007882962524948935
OPT,0.007882962524948935,0.0
