,SAR,OPT
SAR,0.0,57.78194454100857
OPT,57.78194454100857,0.0
