,SAR,OPT
SAR,0.0,0.2783117853578392
OPT,0.2783117853578392,0.0
