,SAR,OPT
SAR,0.0,0.008638019209693521
OPT,0.008638019209693521,0.0
