,SAR,OPT
SAR,0.0,41.64678060812281
OPT,41.64678060812281,0.0
