,SAR,OPT
SAR,0.0,0.5938997274457362
OPT,0.5938997274457362,0.0
