,SAR,OPT
SAR,0.0,2630.0723780162225
OPT,2630.0723780162225,0.0
