,HE,IHC
HE,0.0,10.47499937361015
IHC,10.47499937361015,0.0
