,HE,IHC
HE,0.0,0.12893319142066406
IHC,0.12893319142066406,0.0
