,HE,IHC
HE,0.0,0.005756023635490041
IHC,0.005756023635490041,0.0
