,HE,IHC
HE,0.0,0.5631531091706803
IHC,0.5631531091706803,0.0
