,HE,IHC
HE,0.0,16.674850521134516
IHC,16.674850521134516,0.0
