,HE,IHC
HE,0.0,0.1015791206517213
IHC,0.1015791206517213,0.0
