,HE,IHC
HE,0.0,0.6372882379176541
IHC,0.6372882379176541,0.0
