,HE,IHC
HE,0.0,241.9730573914581
IHC,241.9730573914581,0.0
