,HE,IHC
HE,0.0,0.005085699096031357
IHC,0.005085699096031357,0.0
