,HE,IHC
HE,0.0,3.4186469497151144
IHC,3.4186469497151144,0.0
