,SAR,OPT
SAR,0.0,10.882705547404834
OPT,10.882705547404834,0.0
