,SAR,OPT
SAR,0.0,0.1845177981815255
OPT,0.1845177981815255,0.0
