,SAR,OPT
SAR,0.0,0.4932780539659639
OPT,0.4932780539659639,0.0
