,SAR,OPT
SAR,0.0,0.00630506929370025
OPT,0.00630506929370025,0.0
