,SAR,OPT
SAR,0.0,19.67532353072156
OPT,19.67532353072156,0.0
