,SAR,OPT
SAR,0.0,0.19422299940236162
OPT,0.19422299940236162,0.0
