,SAR,OPT
SAR,0.0,0.005513825843849835
OPT,0.005513825843849835,0.0
