,SAR,OPT
SAR,0.0,7.3875115668920115
OPT,7.3875115668920115,0.0
