,SAR,OPT
SAR,0.0,0.4850263136381109
OPT,0.4850263136381109,0.0
