,SAR,OPT
SAR,0.0,325.38490255729704
OPT,325.38490255729704,0.0
