,HE,IHC
HE,0.0,0.19560780856395565
IHC,0.19560780856395565,0.0
