,HE,IHC
HE,0.0,16.00645704062533
IHC,16.00645704062533,0.0
