,HE,IHC
HE,0.0,0.40212583174019656
IHC,0.40212583174019656,0.0
