,HE,IHC
HE,0.0,0.0056106298680833645
IHC,0.0056106298680833645,0.0
