,HE,IHC
HE,0.0,33.69376893807127
IHC,33.69376893807127,0.0
