,HE,IHC
HE,0.0,0.2916122260103473
IHC,0.2916122260103473,0.0
