,HE,IHC
HE,0.0,0.16145456996414123
IHC,0.16145456996414123,0.0
