,HE,IHC
HE,0.0,728.3245135746156
IHC,728.3245135746156,0.0
