,HE,IHC
HE,0.0,0.002838386102823453
IHC,0.002838386102823453,0.0
