,HE,IHC
HE,0.0,13.803051482606573
IHC,13.803051482606573,0.0
