,HE,IHC
HE,0.0,0.18416425003067116
IHC,0.18416425003067116,0.0
