,HE,IHC
HE,0.0,16.05188628402875
IHC,16.05188628402875,0.0
