,HE,IHC
HE,0.0,0.005165928545661928
IHC,0.005165928545661928,0.0
