,HE,IHC
HE,0.0,0.4022160300980343
IHC,0.4022160300980343,0.0
