,HE,IHC
HE,0.0,0.26667611761884297
IHC,0.26667611761884297,0.0
