,HE,IHC
HE,0.0,33.748503098411184
IHC,33.748503098411184,0.0
