,HE,IHC
HE,0.0,0.00250186488112054
IHC,0.00250186488112054,0.0
