,HE,IHC
HE,0.0,0.16074006843294925
IHC,0.16074006843294925,0.0
