,HE,IHC
HE,0.0,12.453528112480885
IHC,12.453528112480885,0.0
