,HE,IHC
HE,0.0,725.3949367454165
IHC,725.3949367454165,0.0
