,SAR,OPT
SAR,0.0,11.503391246356502
OPT,11.503391246356502,0.0
