,SAR,OPT
SAR,0.0,0.14849157946983027
OPT,0.14849157946983027,0.0
