,SAR,OPT
SAR,0.0,0.5174183657745052
OPT,0.5174183657745052,0.0
