,SAR,OPT
SAR,0.0,0.006594167628976322
OPT,0.006594167628976322,0.0
