,SAR,OPT
SAR,0.0,19.530728735582326
OPT,19.530728735582326,0.0
