,SAR,OPT
SAR,0.0,0.1124643684522885
OPT,0.1124643684522885,0.0
