,SAR,OPT
SAR,0.0,4.909010051687709
OPT,4.909010051687709,0.0
