,SAR,OPT
SAR,0.0,0.6893820019818029
OPT,0.6893820019818029,0.0
