,SAR,OPT
SAR,0.0,333.0536743784731
OPT,333.0536743784731,0.0
