,SAR,OPT
SAR,0.0,0.0060578884895027526
OPT,0.0060578884895027526,0.0
