,HE,IHC
HE,0.0,0.17890181951478382
IHC,0.17890181951478382,0.0
