,HE,IHC
HE,0.0,14.167671068174487
IHC,14.167671068174487,0.0
