,HE,IHC
HE,0.0,0.6320877345767159
IHC,0.6320877345767159,0.0
