,HE,IHC
HE,0.0,0.011032782571610077
IHC,0.011032782571610077,0.0
