,HE,IHC
HE,0.0,21.000800714650662
IHC,21.000800714650662,0.0
