,HE,IHC
HE,0.0,0.14327504994689388
IHC,0.14327504994689388,0.0
