,HE,IHC
HE,0.0,0.39299940347980494
IHC,0.39299940347980494,0.0
