,HE,IHC
HE,0.0,0.004203953224183309
IHC,0.004203953224183309,0.0
