,HE,IHC
HE,0.0,370.8448535010021
IHC,370.8448535010021,0.0
