,HE,IHC
HE,0.0,5.775086273303219
IHC,5.775086273303219,0.0
