,HE,IHC
HE,0.0,15.858564550655956
IHC,15.858564550655956,0.0
