,HE,IHC
HE,0.0,0.20884561711804503
IHC,0.20884561711804503,0.0
