,HE,IHC
HE,0.0,0.005805727067551577
IHC,0.005805727067551577,0.0
