,HE,IHC
HE,0.0,0.39967032017111237
IHC,0.39967032017111237,0.0
