,HE,IHC
HE,0.0,0.22437154217932292
IHC,0.22437154217932292,0.0
