,HE,IHC
HE,0.0,33.58455504702883
IHC,33.58455504702883,0.0
