,HE,IHC
HE,0.0,0.0024577575757974
IHC,0.0024577575757974,0.0
