,HE,IHC
HE,0.0,716.6267715866604
IHC,716.6267715866604,0.0
