,HE,IHC
HE,0.0,0.1593099482290432
IHC,0.1593099482290432,0.0
