,HE,IHC
HE,0.0,11.713437619416677
IHC,11.713437619416677,0.0
