,HE,IHC
HE,0.0,0.2034495942657074
IHC,0.2034495942657074,0.0
