,HE,IHC
HE,0.0,16.06668818465653
IHC,16.06668818465653,0.0
