,HE,IHC
HE,0.0,0.005714524279418306
IHC,0.005714524279418306,0.0
