,HE,IHC
HE,0.0,0.40223998387135085
IHC,0.40223998387135085,0.0
