,HE,IHC
HE,0.0,0.24348350660082282
IHC,0.24348350660082282,0.0
