,HE,IHC
HE,0.0,33.78576580663545
IHC,33.78576580663545,0.0
