,HE,IHC
HE,0.0,0.1619908404739963
IHC,0.1619908404739963,0.0
