,HE,IHC
HE,0.0,11.296088513981134
IHC,11.296088513981134,0.0
