,HE,IHC
HE,0.0,730.9296088932891
IHC,730.9296088932891,0.0
