,HE,IHC
HE,0.0,0.002292695742925298
IHC,0.002292695742925298,0.0
