,SAR,OPT
SAR,0.0,3.734322354737052
OPT,3.734322354737052,0.0
