,SAR,OPT
SAR,0.0,0.06873937938728363
OPT,0.06873937938728363,0.0
