,SAR,OPT
SAR,0.0,0.4958339230009121
OPT,0.4958339230009121,0.0
