,SAR,OPT
SAR,0.0,0.007411889406790491
OPT,0.007411889406790491,0.0
