,SAR,OPT
SAR,0.0,7.199916651414002
OPT,7.199916651414002,0.0
