,SAR,OPT
SAR,0.0,0.10687622295617208
OPT,0.10687622295617208,0.0
