,SAR,OPT
SAR,0.0,50.613692429505264
OPT,50.613692429505264,0.0
