,SAR,OPT
SAR,0.0,1.6877423290828621
OPT,1.6877423290828621,0.0
