,SAR,OPT
SAR,0.0,0.5493980801124205
OPT,0.5493980801124205,0.0
