,SAR,OPT
SAR,0.0,0.006465752086465894
OPT,0.006465752086465894,0.0
