,HE,IHC
HE,0.0,0.17457856522642284
IHC,0.17457856522642284,0.0
