,HE,IHC
HE,0.0,13.989443388158625
IHC,13.989443388158625,0.0
