,HE,IHC
HE,0.0,0.010565125103107099
IHC,0.010565125103107099,0.0
