,HE,IHC
HE,0.0,0.6217267676586131
IHC,0.6217267676586131,0.0
