,HE,IHC
HE,0.0,0.10739935183952734
IHC,0.10739935183952734,0.0
