,HE,IHC
HE,0.0,21.044153537337067
IHC,21.044153537337067,0.0
