,HE,IHC
HE,0.0,4.24417180585734
IHC,4.24417180585734,0.0
