,HE,IHC
HE,0.0,371.0317663005832
IHC,371.0317663005832,0.0
