,HE,IHC
HE,0.0,0.39042606448679174
IHC,0.39042606448679174,0.0
