,HE,IHC
HE,0.0,0.003953017696592952
IHC,0.003953017696592952,0.0
