,HE,IHC
HE,0.0,0.1791725098907691
IHC,0.1791725098907691,0.0
