,HE,IHC
HE,0.0,15.845893371831748
IHC,15.845893371831748,0.0
