,HE,IHC
HE,0.0,0.3964840630755048
IHC,0.3964840630755048,0.0
