,HE,IHC
HE,0.0,0.004939724416186983
IHC,0.004939724416186983,0.0
