,HE,IHC
HE,0.0,0.2818797963284273
IHC,0.2818797963284273,0.0
