,HE,IHC
HE,0.0,33.707659019545666
IHC,33.707659019545666,0.0
