,HE,IHC
HE,0.0,13.658254622111691
IHC,13.658254622111691,0.0
