,HE,IHC
HE,0.0,0.1617767493328408
IHC,0.1617767493328408,0.0
