,HE,IHC
HE,0.0,0.0028260122152030174
IHC,0.0028260122152030174,0.0
