,HE,IHC
HE,0.0,729.6171377626131
IHC,729.6171377626131,0.0
