,SAR,OPT
SAR,0.0,0.4106751047548143
OPT,0.4106751047548143,0.0
