,SAR,OPT
SAR,0.0,31.13915572245677
OPT,31.13915572245677,0.0
