,SAR,OPT
SAR,0.0,0.46460298370390196
OPT,0.46460298370390196,0.0
