,SAR,OPT
SAR,0.0,0.006099153353595139
OPT,0.006099153353595139,0.0
