,SAR,OPT
SAR,0.0,0.19347059276845946
OPT,0.19347059276845946,0.0
