,SAR,OPT
SAR,0.0,58.00332628428724
OPT,58.00332628428724,0.0
