,SAR,OPT
SAR,0.0,0.006203660083784766
OPT,0.006203660083784766,0.0
