,SAR,OPT
SAR,0.0,0.59714031511439
OPT,0.59714031511439,0.0
