,SAR,OPT
SAR,0.0,2643.2856700091324
OPT,2643.2856700091324,0.0
