,SAR,OPT
SAR,0.0,28.391718997567818
OPT,28.391718997567818,0.0
