,HE,IHC
HE,0.0,10.064825769046564
IHC,10.064825769046564,0.0
