,HE,IHC
HE,0.0,0.13257294335270497
IHC,0.13257294335270497,0.0
