,HE,IHC
HE,0.0,0.007069640449396964
IHC,0.007069640449396964,0.0
