,HE,IHC
HE,0.0,0.5408810009503632
IHC,0.5408810009503632,0.0
