,HE,IHC
HE,0.0,0.0987574878912722
IHC,0.0987574878912722,0.0
