,HE,IHC
HE,0.0,16.571222839137732
IHC,16.571222839137732,0.0
