,HE,IHC
HE,0.0,238.2805944890884
IHC,238.2805944890884,0.0
