,HE,IHC
HE,0.0,0.006003028589577853
IHC,0.006003028589577853,0.0
