,HE,IHC
HE,0.0,0.6317937004562849
IHC,0.6317937004562849,0.0
