,HE,IHC
HE,0.0,3.306563716409711
IHC,3.306563716409711,0.0
