,HE,IHC
HE,0.0,9.619125499283436
IHC,9.619125499283436,0.0
