,HE,IHC
HE,0.0,0.11129311023949374
IHC,0.11129311023949374,0.0
