,HE,IHC
HE,0.0,0.525450696504672
IHC,0.525450696504672,0.0
