,HE,IHC
HE,0.0,0.005962902980573308
IHC,0.005962902980573308,0.0
