,HE,IHC
HE,0.0,0.08011645132174973
IHC,0.08011645132174973,0.0
