,HE,IHC
HE,0.0,16.2861982756
IHC,16.2861982756,0.0
