,HE,IHC
HE,0.0,0.6192612377364047
IHC,0.6192612377364047,0.0
