,HE,IHC
HE,0.0,2.8396011761484363
IHC,2.8396011761484363,0.0
