,HE,IHC
HE,0.0,229.08405759942607
IHC,229.08405759942607,0.0
