,HE,IHC
HE,0.0,0.005582337593471357
IHC,0.005582337593471357,0.0
