,SAR,OPT
SAR,0.0,31.153834041647123
OPT,31.153834041647123,0.0
