,SAR,OPT
SAR,0.0,0.4713802448225214
OPT,0.4713802448225214,0.0
