,SAR,OPT
SAR,0.0,0.46796847981982637
OPT,0.46796847981982637,0.0
