,SAR,OPT
SAR,0.0,0.006896537734809033
OPT,0.006896537734809033,0.0
