,SAR,OPT
SAR,0.0,0.25336345438894853
OPT,0.25336345438894853,0.0
