,SAR,OPT
SAR,0.0,57.66637244145218
OPT,57.66637244145218,0.0
