,SAR,OPT
SAR,0.0,0.00716452565678223
OPT,0.00716452565678223,0.0
