,SAR,OPT
SAR,0.0,0.5893835098147846
OPT,0.5893835098147846,0.0
