,SAR,OPT
SAR,0.0,2615.074016432153
OPT,2615.074016432153,0.0
