,SAR,OPT
SAR,0.0,33.33205711138451
OPT,33.33205711138451,0.0
