,HE,IHC
HE,0.0,8.891540634997412
IHC,8.891540634997412,0.0
