,HE,IHC
HE,0.0,0.1082977320827126
IHC,0.1082977320827126,0.0
