,HE,IHC
HE,0.0,0.7187785147619493
IHC,0.7187785147619493,0.0
