,HE,IHC
HE,0.0,0.010372891045681254
IHC,0.010372891045681254,0.0
