,HE,IHC
HE,0.0,0.09110007455239687
IHC,0.09110007455239687,0.0
