,HE,IHC
HE,0.0,11.922326055597152
IHC,11.922326055597152,0.0
