,HE,IHC
HE,0.0,0.00420146494923126
IHC,0.00420146494923126,0.0
