,HE,IHC
HE,0.0,129.45710834405963
IHC,129.45710834405963,0.0
