,HE,IHC
HE,0.0,2.041149124222584
IHC,2.041149124222584,0.0
