,HE,IHC
HE,0.0,0.5054327298051188
IHC,0.5054327298051188,0.0
