,SAR,OPT
SAR,0.0,31.219826401815318
OPT,31.219826401815318,0.0
