,SAR,OPT
SAR,0.0,0.43420737227076217
OPT,0.43420737227076217,0.0
