,SAR,OPT
SAR,0.0,0.0064784419778356386
OPT,0.0064784419778356386,0.0
