,SAR,OPT
SAR,0.0,0.4691386496605506
OPT,0.4691386496605506,0.0
