,SAR,OPT
SAR,0.0,57.589082213819154
OPT,57.589082213819154,0.0
