,SAR,OPT
SAR,0.0,0.22543854060257304
OPT,0.22543854060257304,0.0
