,SAR,OPT
SAR,0.0,0.006899982475845039
OPT,0.006899982475845039,0.0
