,SAR,OPT
SAR,0.0,0.5917115072031142
OPT,0.5917115072031142,0.0
