,SAR,OPT
SAR,0.0,2616.7035768609544
OPT,2616.7035768609544,0.0
