,SAR,OPT
SAR,0.0,32.85409953496035
OPT,32.85409953496035,0.0
