,SAR,OPT
SAR,0.0,11.483699321932491
OPT,11.483699321932491,0.0
