,SAR,OPT
SAR,0.0,0.1866762733256768
OPT,0.1866762733256768,0.0
