,SAR,OPT
SAR,0.0,0.5116112133705163
OPT,0.5116112133705163,0.0
