,SAR,OPT
SAR,0.0,0.007847370534314616
OPT,0.007847370534314616,0.0
