,SAR,OPT
SAR,0.0,0.12519465627011836
OPT,0.12519465627011836,0.0
