,SAR,OPT
SAR,0.0,19.70391386828668
OPT,19.70391386828668,0.0
