,SAR,OPT
SAR,0.0,0.007470909877855781
OPT,0.007470909877855781,0.0
