,SAR,OPT
SAR,0.0,5.9398523607635125
OPT,5.9398523607635125,0.0
