,SAR,OPT
SAR,0.0,338.52748276949626
OPT,338.52748276949626,0.0
