,SAR,OPT
SAR,0.0,0.692184666552103
OPT,0.692184666552103,0.0
