,HE,IHC
HE,0.0,0.16461857880046313
IHC,0.16461857880046313,0.0
