,HE,IHC
HE,0.0,14.067692573768099
IHC,14.067692573768099,0.0
