,HE,IHC
HE,0.0,0.6250820913093298
IHC,0.6250820913093298,0.0
