,HE,IHC
HE,0.0,0.011391639337276988
IHC,0.011391639337276988,0.0
