,HE,IHC
HE,0.0,0.12954421002062927
IHC,0.12954421002062927,0.0
