,HE,IHC
HE,0.0,21.06336228509886
IHC,21.06336228509886,0.0
