,HE,IHC
HE,0.0,0.39168536674433513
IHC,0.39168536674433513,0.0
