,HE,IHC
HE,0.0,0.004287139441760799
IHC,0.004287139441760799,0.0
