,HE,IHC
HE,0.0,4.895112711328133
IHC,4.895112711328133,0.0
