,HE,IHC
HE,0.0,372.5665608044572
IHC,372.5665608044572,0.0
