,SAR,OPT
SAR,0.0,31.486036067482964
OPT,31.486036067482964,0.0
