,SAR,OPT
SAR,0.0,0.43899621438171565
OPT,0.43899621438171565,0.0
