,SAR,OPT
SAR,0.0,0.006324293456540342
OPT,0.006324293456540342,0.0
