,SAR,OPT
SAR,0.0,0.4723465295876432
OPT,0.4723465295876432,0.0
