,SAR,OPT
SAR,0.0,0.2413164723934435
OPT,0.2413164723934435,0.0
