,SAR,OPT
SAR,0.0,57.81940914570779
OPT,57.81940914570779,0.0
