,SAR,OPT
SAR,0.0,0.007368032477435229
OPT,0.007368032477435229,0.0
