,SAR,OPT
SAR,0.0,0.6010351974082316
OPT,0.6010351974082316,0.0
