,SAR,OPT
SAR,0.0,36.50295347677968
OPT,36.50295347677968,0.0
