,SAR,OPT
SAR,0.0,2652.190777547562
OPT,2652.190777547562,0.0
